日期,代號,名稱,權重,張數
2026-04-09,2330,台積電,9.03,583
2026-04-09,2308,台達電,3.99,306
2026-04-09,2383,台光電,3.06,120
2026-04-09,2317,鴻海,3.02,1905
2026-04-09,2382,廣達,3.01,1213
2026-04-09,7769,鴻勁,2.89,86
2026-04-09,2345,智邦,2.79,208
2026-04-09,3017,奇鋐,2.78,157
2026-04-09,2368,金像電,2.66,299
2026-04-09,6223,旺矽,2.52,71
2026-04-09,2360,致茂,2.46,169
2026-04-09,2408,南亞科,2.45,1510
2026-04-09,6669,緯穎,2.36,83
2026-04-09,2454,聯發科,2.35,188
2026-04-09,6515,穎崴,2.34,37
2026-04-09,3653,健策,2.22,66
2026-04-09,3665,貿聯-KY,2.2,130
2026-04-09,2059,川湖,2.13,82
2026-04-09,2344,華邦電,2.09,2892
2026-04-09,5274,信驊,1.99,20
2026-04-09,8210,勤誠,1.87,268
2026-04-09,2891,中信金,1.69,3891
2026-04-09,3711,日月光投控,1.67,536
2026-04-09,6805,富世達,1.62,111
2026-04-09,3231,緯創,1.54,1470
2026-04-09,2881,富邦金,1.44,2057
2026-04-09,2884,玉山金,1.44,5569
2026-04-09,8299,群聯,1.41,110
2026-04-09,6274,台燿,1.4,222
2026-04-09,8996,高力,1.32,165
2026-04-09,3036,文曄,1.23,693
2026-04-09,6442,光紅建聖,1.19,71
2026-04-09,1519,華城,1.12,176
2026-04-09,3443,創意,1.05,50
2026-04-09,6831,邁科,1.04,314
2026-04-09,3533,嘉澤,0.99,54
2026-04-09,3264,欣銓,0.99,695
2026-04-09,5434,崇越,0.85,294
2026-04-09,3293,鈊象,0.78,129
2026-04-09,1590,亞德客-KY,0.78,91
2026-04-09,5234,達興材料,0.78,244
2026-04-09,3044,健鼎,0.76,253
2026-04-09,5904,寶雅,0.73,181
2026-04-09,1477,聚陽,0.65,369
2026-04-09,2449,京元電子,0.51,232
2026-04-09,2548,華固,0.48,470
2026-04-09,2376,技嘉,0.45,225
2026-04-09,4915,致伸,0.32,547
2026-04-09,6510,精測,0.3,11
2026-04-10,2884,玉山金融控股,1.4,5569
2026-04-10,2891,中國信託金融控股,1.64,3891
2026-04-10,2344,華邦電子,2.11,2892
2026-04-10,2881,富邦金融控股,1.4,2057
2026-04-10,2317,鴻海精密工業,2.98,1905
2026-04-10,2408,南亞科技,2.53,1510
2026-04-10,3231,緯創資通,1.55,1470
2026-04-10,2382,廣達電腦,3.04,1213
2026-04-10,3264,欣銓科技,1.02,695
2026-04-10,3036,文曄科技,1.22,693
2026-04-10,2330,台灣積體電路製造,9.09,583
2026-04-10,4915,致伸科技,0.32,547
2026-04-10,3711,日月光投資控股,1.64,536
2026-04-10,2548,華固建設,0.47,470
2026-04-10,2308,台達電子工業,5.1,377
2026-04-10,1477,聚陽實業,0.63,369
2026-04-10,6831,邁科科技,1.05,314
2026-04-10,2368,金像電子（股）公司,2.54,299
2026-04-10,5434,崇越科技,0.92,294
2026-04-10,8210,勤誠興業,1.86,268
2026-04-10,6584,南俊國際,1.27,260
2026-04-10,3044,健鼎科技,0.74,253
2026-04-10,5234,達興材料,0.75,244
2026-04-10,2376,技嘉科技,0.46,225
2026-04-10,6274,台燿科技,1.4,222
2026-04-10,2345,智邦科技,2.97,208
2026-04-10,2454,聯發科技,2.31,188
2026-04-10,5904,寶雅國際,0.71,181
2026-04-10,1519,華城電機,1.12,176
2026-04-10,2360,致茂電子,2.35,169
2026-04-10,8996,高力熱處理工業,1.34,165
2026-04-10,3017,奇鋐科技,2.77,157
2026-04-10,8299,群聯電子,1.94,150
2026-04-10,3665,貿聯控股（BizLink Holding In,2.23,130
2026-04-10,3293,鈊象電子,0.77,129
2026-04-10,2383,台光電子材料,3.2,120
2026-04-10,6805,富世達,1.61,111
2026-04-10,1590,亞德客國際集團,0.79,91
2026-04-10,7769,鴻勁精密,2.81,86
2026-04-10,6669,緯穎科技服務,2.35,83
2026-04-10,2059,川湖科技,2.14,82
2026-04-10,6223,旺矽科技,2.56,71
2026-04-10,6442,光紅建聖,1.29,71
2026-04-10,3653,健策精密工業,2.12,66
2026-04-10,3533,嘉澤端子工業,0.96,54
2026-04-10,3443,創意電子,1.04,50
2026-04-10,6515,穎崴科技,2.29,37
2026-04-10,6510,中華精測科技,0.95,35
2026-04-10,5274,信驊科技,1.96,20
2026-04-13,2884,玉山金融控股,1.4,5569
2026-04-13,2891,中國信託金融控股,1.63,3891
2026-04-13,2344,華邦電子,2.14,2892
2026-04-13,2881,富邦金融控股,1.4,2057
2026-04-13,2317,鴻海精密工業,2.99,1905
2026-04-13,2408,南亞科技,2.67,1510
2026-04-13,3231,緯創資通,1.55,1470
2026-04-13,2382,廣達電腦,3.03,1213
2026-04-13,3264,欣銓科技,1.04,695
2026-04-13,3036,文曄科技,1.24,693
2026-04-13,2330,台灣積體電路製造,9.1,583
2026-04-13,4915,致伸科技,0.32,547
2026-04-13,3711,日月光投資控股,1.75,536
2026-04-13,2548,華固建設,0.46,470
2026-04-13,2308,台達電子工業,5.14,377
2026-04-13,1477,聚陽實業,0.62,369
2026-04-13,6831,邁科科技,1.11,314
2026-04-13,2368,金像電子（股）公司,2.47,299
2026-04-13,5434,崇越科技,0.92,294
2026-04-13,8210,勤誠興業,1.89,268
2026-04-13,6584,南俊國際,1.33,260
2026-04-13,3044,健鼎科技,0.74,253
2026-04-13,5234,達興材料,0.77,244
2026-04-13,2376,技嘉科技,0.47,225
2026-04-13,6274,台燿科技,1.39,222
2026-04-13,2345,智邦科技,2.97,208
2026-04-13,2454,聯發科技,2.39,188
2026-04-13,5904,寶雅國際,0.72,181
2026-04-13,1519,華城電機,1.13,176
2026-04-13,2360,致茂電子,2.49,169
2026-04-13,8996,高力熱處理工業,1.42,165
2026-04-13,3017,奇鋐科技,2.71,157
2026-04-13,8299,群聯電子,2.02,150
2026-04-13,3665,貿聯控股（BizLink Holding In,2.27,130
2026-04-13,3293,鈊象電子,0.77,129
2026-04-13,2383,台光電子材料,3.13,120
2026-04-13,6805,富世達,1.54,111
2026-04-13,1590,亞德客國際集團,0.78,91
2026-04-13,7769,鴻勁精密,2.77,86
2026-04-13,6669,緯穎科技服務,2.37,83
2026-04-13,2059,川湖科技,2.14,82
2026-04-13,6223,旺矽科技,2.53,71
2026-04-13,6442,光紅建聖,1.24,71
2026-04-13,3653,健策精密工業,2.09,66
2026-04-13,3533,嘉澤端子工業,0.95,54
2026-04-13,3443,創意電子,1.09,50
2026-04-13,6515,穎崴科技,2.48,37
2026-04-13,6510,中華精測科技,0.94,35
2026-04-13,5274,信驊科技,1.91,20
2026-04-14,2884,玉山金融控股,1.4,5569
2026-04-14,2891,中國信託金融控股,1.59,3891
2026-04-14,2344,華邦電子,2.08,2892
2026-04-14,2881,富邦金融控股,1.38,2057
2026-04-14,2317,鴻海精密工業,3.03,1905
2026-04-14,2408,南亞科技,2.55,1510
2026-04-14,3231,緯創資通,1.54,1470
2026-04-14,2382,廣達電腦,3.01,1213
2026-04-14,3264,欣銓科技,1.0,695
2026-04-14,3036,文曄科技,1.21,693
2026-04-14,2330,台灣積體電路製造,9.2,583
2026-04-14,4915,致伸科技,0.31,547
2026-04-14,3711,日月光投資控股,1.74,536
2026-04-14,2548,華固建設,0.47,470
2026-04-14,2308,台達電子工業,5.06,377
2026-04-14,1477,聚陽實業,0.61,369
2026-04-14,6831,邁科科技,1.09,314
2026-04-14,2368,金像電子（股）公司,2.64,299
2026-04-14,5434,崇越科技,0.9,294
2026-04-14,8210,勤誠興業,1.98,268
2026-04-14,6584,南俊國際,1.39,260
2026-04-14,3044,健鼎科技,0.74,253
2026-04-14,5234,達興材料,0.75,244
2026-04-14,2376,技嘉科技,0.46,225
2026-04-14,6274,台燿科技,1.47,222
2026-04-14,2345,智邦科技,3.02,208
2026-04-14,2454,聯發科技,2.48,188
2026-04-14,5904,寶雅國際,0.7,181
2026-04-14,1519,華城電機,1.12,176
2026-04-14,2360,致茂電子,2.39,169
2026-04-14,8996,高力熱處理工業,1.41,165
2026-04-14,3017,奇鋐科技,2.78,157
2026-04-14,8299,群聯電子,2.03,150
2026-04-14,3665,貿聯控股（BizLink Holding In,2.3,130
2026-04-14,3293,鈊象電子,0.75,129
2026-04-14,2383,台光電子材料,3.32,120
2026-04-14,6805,富世達,1.47,111
2026-04-14,1590,亞德客國際集團,0.78,91
2026-04-14,7769,鴻勁精密,2.76,86
2026-04-14,6669,緯穎科技服務,2.39,83
2026-04-14,2059,川湖科技,2.17,82
2026-04-14,6223,旺矽科技,2.49,71
2026-04-14,6442,光紅建聖,1.13,71
2026-04-14,3653,健策精密工業,2.03,66
2026-04-14,3533,嘉澤端子工業,0.92,54
2026-04-14,3443,創意電子,1.17,50
2026-04-14,6515,穎崴科技,2.41,37
2026-04-14,6510,中華精測科技,0.9,35
2026-04-14,5274,信驊科技,2.0,20
2026-04-15,2884,玉山金融控股,1.39,5569
2026-04-15,2891,中國信託金融控股,1.56,3891
2026-04-15,2344,華邦電子,1.98,2892
2026-04-15,2881,富邦金融控股,1.36,2057
2026-04-15,2317,鴻海精密工業,2.99,1905
2026-04-15,2408,南亞科技,2.42,1510
2026-04-15,3231,緯創資通,1.48,1470
2026-04-15,2382,廣達電腦,2.83,1213
2026-04-15,3264,欣銓科技,0.98,695
2026-04-15,3036,文曄科技,1.2,693
2026-04-15,2330,台灣積體電路製造,9.19,583
2026-04-15,4915,致伸科技,0.31,547
2026-04-15,3711,日月光投資控股,1.81,536
2026-04-15,2548,華固建設,0.46,470
2026-04-15,2308,台達電子工業,5.1,377
2026-04-15,1477,聚陽實業,0.6,369
2026-04-15,6831,邁科科技,1.02,314
2026-04-15,2368,金像電子（股）公司,2.64,299
2026-04-15,5434,崇越科技,0.92,294
2026-04-15,8210,勤誠興業,2.01,268
2026-04-15,6584,南俊國際,1.26,260
2026-04-15,3044,健鼎科技,0.77,253
2026-04-15,5234,達興材料,0.78,244
2026-04-15,2376,技嘉科技,0.48,225
2026-04-15,6274,台燿科技,1.59,222
2026-04-15,2345,智邦科技,3.1,208
2026-04-15,2454,聯發科技,2.55,188
2026-04-15,5904,寶雅國際,0.69,181
2026-04-15,1519,華城電機,1.17,176
2026-04-15,2360,致茂電子,2.59,169
2026-04-15,8996,高力熱處理工業,1.38,165
2026-04-15,3017,奇鋐科技,2.77,157
2026-04-15,8299,群聯電子,1.85,150
2026-04-15,3665,貿聯控股（BizLink Holding In,2.32,130
2026-04-15,3293,鈊象電子,0.73,129
2026-04-15,2383,台光電子材料,3.46,120
2026-04-15,6805,富世達,1.53,111
2026-04-15,1590,亞德客國際集團,0.82,91
2026-04-15,7769,鴻勁精密,2.78,86
2026-04-15,6669,緯穎科技服務,2.34,83
2026-04-15,2059,川湖科技,2.14,82
2026-04-15,6223,旺矽科技,2.48,71
2026-04-15,6442,光紅建聖,1.12,71
2026-04-15,3653,健策精密工業,2.08,66
2026-04-15,3533,嘉澤端子工業,0.97,54
2026-04-15,3443,創意電子,1.16,50
2026-04-15,6515,穎崴科技,2.54,37
2026-04-15,6510,中華精測科技,0.96,35
2026-04-15,5274,信驊科技,2.1,20
2026-04-16,2884,玉山金融控股,1.37,5569
2026-04-16,2891,中國信託金融控股,1.54,3891
2026-04-16,2344,華邦電子,1.93,2892
2026-04-16,2881,富邦金融控股,1.34,2057
2026-04-16,2317,鴻海精密工業,2.93,1905
2026-04-16,2408,南亞科技,2.4,1510
2026-04-16,3231,緯創資通,1.46,1470
2026-04-16,2382,廣達電腦,2.87,1213
2026-04-16,3264,欣銓科技,0.9,695
2026-04-16,3036,文曄科技,1.21,693
2026-04-16,2330,台灣積體電路製造,9.04,583
2026-04-16,4915,致伸科技,0.3,547
2026-04-16,3711,日月光投資控股,1.8,536
2026-04-16,2548,華固建設,0.45,470
2026-04-16,2308,台達電子工業,5.17,377
2026-04-16,1477,聚陽實業,0.59,369
2026-04-16,6831,邁科科技,1.01,314
2026-04-16,2368,金像電子（股）公司,2.59,299
2026-04-16,5434,崇越科技,0.91,294
2026-04-16,8210,勤誠興業,2.03,268
2026-04-16,6584,南俊國際,1.31,260
2026-04-16,3044,健鼎科技,0.77,253
2026-04-16,5234,達興材料,0.78,244
2026-04-16,2376,技嘉科技,0.47,225
2026-04-16,6274,台燿科技,1.58,222
2026-04-16,2345,智邦科技,3.15,208
2026-04-16,2454,聯發科技,2.65,188
2026-04-16,5904,寶雅國際,0.68,181
2026-04-16,1519,華城電機,1.14,176
2026-04-16,2360,致茂電子,2.58,169
2026-04-16,8996,高力熱處理工業,1.37,165
2026-04-16,3017,奇鋐科技,2.85,157
2026-04-16,8299,群聯電子,1.77,150
2026-04-16,3665,貿聯控股（BizLink Holding In,2.32,130
2026-04-16,3293,鈊象電子,0.74,129
2026-04-16,2383,台光電子材料,3.42,120
2026-04-16,6805,富世達,1.57,111
2026-04-16,1590,亞德客國際集團,0.83,91
2026-04-16,7769,鴻勁精密,2.75,86
2026-04-16,6669,緯穎科技服務,2.28,83
2026-04-16,2059,川湖科技,2.1,82
2026-04-16,6223,旺矽科技,2.59,71
2026-04-16,6442,光紅建聖,1.1,71
2026-04-16,3653,健策精密工業,2.15,66
2026-04-16,3533,嘉澤端子工業,1.01,54
2026-04-16,3443,創意電子,1.24,50
2026-04-16,6515,穎崴科技,2.7,37
2026-04-16,6510,中華精測科技,0.95,35
2026-04-16,5274,信驊科技,2.15,20
2026-04-17,2884,玉山金融控股,1.35,5569
2026-04-17,2891,中國信託金融控股,1.53,3891
2026-04-17,2344,華邦電子,1.88,2892
2026-04-17,2881,富邦金融控股,1.34,2057
2026-04-17,2317,鴻海精密工業,2.9,1905
2026-04-17,2408,南亞科技,2.34,1510
2026-04-17,3231,緯創資通,1.48,1470
2026-04-17,2382,廣達電腦,2.89,1213
2026-04-17,3264,欣銓科技,0.88,695
2026-04-17,3036,文曄科技,1.18,693
2026-04-17,2330,台灣積體電路製造,8.74,583
2026-04-17,4915,致伸科技,0.3,547
2026-04-17,3711,日月光投資控股,1.75,536
2026-04-17,2548,華固建設,0.45,470
2026-04-17,2308,台達電子工業,5.12,377
2026-04-17,1477,聚陽實業,0.59,369
2026-04-17,6831,邁科科技,1.1,314
2026-04-17,2368,金像電子（股）公司,2.59,299
2026-04-17,5434,崇越科技,0.91,294
2026-04-17,8210,勤誠興業,2.02,268
2026-04-17,6584,南俊國際,1.28,260
2026-04-17,3044,健鼎科技,0.77,253
2026-04-17,5234,達興材料,0.8,244
2026-04-17,2376,技嘉科技,0.47,225
2026-04-17,6274,台燿科技,1.55,222
2026-04-17,2345,智邦科技,3.18,208
2026-04-17,2454,聯發科技,2.67,188
2026-04-17,5904,寶雅國際,0.68,181
2026-04-17,1519,華城電機,1.13,176
2026-04-17,2360,致茂電子,2.81,169
2026-04-17,8996,高力熱處理工業,1.49,165
2026-04-17,3017,奇鋐科技,2.78,157
2026-04-17,8299,群聯電子,1.74,150
2026-04-17,3665,貿聯控股（BizLink Holding In,2.28,130
2026-04-17,3293,鈊象電子,0.74,129
2026-04-17,2383,台光電子材料,3.37,120
2026-04-17,6805,富世達,1.53,111
2026-04-17,1590,亞德客國際集團,0.84,91
2026-04-17,7769,鴻勁精密,2.86,86
2026-04-17,6669,緯穎科技服務,2.33,83
2026-04-17,2059,川湖科技,2.2,82
2026-04-17,6223,旺矽科技,2.72,71
2026-04-17,6442,光紅建聖,1.13,71
2026-04-17,3653,健策精密工業,2.23,66
2026-04-17,3533,嘉澤端子工業,0.99,54
2026-04-17,3443,創意電子,1.2,50
2026-04-17,6515,穎崴科技,2.82,37
2026-04-17,6510,中華精測科技,0.97,35
2026-04-17,5274,信驊科技,2.04,20
2026-04-19,2884,玉山金融控股,1.35,5569
2026-04-19,2891,中國信託金融控股,1.53,3891
2026-04-19,2344,華邦電子,1.88,2892
2026-04-19,2881,富邦金融控股,1.34,2057
2026-04-19,2317,鴻海精密工業,2.9,1905
2026-04-19,2408,南亞科技,2.34,1510
2026-04-19,3231,緯創資通,1.48,1470
2026-04-19,2382,廣達電腦,2.89,1213
2026-04-19,3264,欣銓科技,0.88,695
2026-04-19,3036,文曄科技,1.18,693
2026-04-19,2330,台灣積體電路製造,8.74,583
2026-04-19,4915,致伸科技,0.3,547
2026-04-19,3711,日月光投資控股,1.75,536
2026-04-19,2548,華固建設,0.45,470
2026-04-19,2308,台達電子工業,5.12,377
2026-04-19,1477,聚陽實業,0.59,369
2026-04-19,6831,邁科科技,1.1,314
2026-04-19,2368,金像電子（股）公司,2.59,299
2026-04-19,5434,崇越科技,0.91,294
2026-04-19,8210,勤誠興業,2.02,268
2026-04-19,6584,南俊國際,1.28,260
2026-04-19,3044,健鼎科技,0.77,253
2026-04-19,5234,達興材料,0.8,244
2026-04-19,2376,技嘉科技,0.47,225
2026-04-19,6274,台燿科技,1.55,222
2026-04-19,2345,智邦科技,3.18,208
2026-04-19,2454,聯發科技,2.67,188
2026-04-19,5904,寶雅國際,0.68,181
2026-04-19,1519,華城電機,1.13,176
2026-04-19,2360,致茂電子,2.81,169
2026-04-19,8996,高力熱處理工業,1.49,165
2026-04-19,3017,奇鋐科技,2.78,157
2026-04-19,8299,群聯電子,1.74,150
2026-04-19,3665,貿聯控股（BizLink Holding In,2.28,130
2026-04-19,3293,鈊象電子,0.74,129
2026-04-19,2383,台光電子材料,3.37,120
2026-04-19,6805,富世達,1.53,111
2026-04-19,1590,亞德客國際集團,0.84,91
2026-04-19,7769,鴻勁精密,2.86,86
2026-04-19,6669,緯穎科技服務,2.33,83
2026-04-19,2059,川湖科技,2.2,82
2026-04-19,6223,旺矽科技,2.72,71
2026-04-19,6442,光紅建聖,1.13,71
2026-04-19,3653,健策精密工業,2.23,66
2026-04-19,3533,嘉澤端子工業,0.99,54
2026-04-19,3443,創意電子,1.2,50
2026-04-19,6515,穎崴科技,2.82,37
2026-04-19,6510,中華精測科技,0.97,35
2026-04-19,5274,信驊科技,2.04,20
2026-04-20,2884,玉山金融控股,1.33,5569
2026-04-20,2891,中國信託金融控股,1.5,3891
2026-04-20,2344,華邦電子,1.81,2892
2026-04-20,2881,富邦金融控股,1.31,2057
2026-04-20,2317,鴻海精密工業,2.88,1905
2026-04-20,2408,南亞科技,2.28,1510
2026-04-20,3231,緯創資通,1.5,1470
2026-04-20,2382,廣達電腦,2.91,1213
2026-04-20,3264,欣銓科技,0.95,695
2026-04-20,3036,文曄科技,1.1,693
2026-04-20,2330,台灣積體電路製造,8.6,583
2026-04-20,4915,致伸科技,0.3,547
2026-04-20,3711,日月光投資控股,1.8,536
2026-04-20,2548,華固建設,0.44,470
2026-04-20,2308,台達電子工業,5.22,377
2026-04-20,1477,聚陽實業,0.6,369
2026-04-20,6831,邁科科技,1.13,314
2026-04-20,2368,金像電子（股）公司,2.64,299
2026-04-20,5434,崇越科技,0.9,294
2026-04-20,8210,勤誠興業,1.99,268
2026-04-20,6584,南俊國際,1.39,260
2026-04-20,3044,健鼎科技,0.76,253
2026-04-20,5234,達興材料,0.81,244
2026-04-20,2376,技嘉科技,0.46,225
2026-04-20,6274,台燿科技,1.54,222
2026-04-20,2345,智邦科技,3.04,208
2026-04-20,2454,聯發科技,2.6,188
2026-04-20,5904,寶雅國際,0.69,181
2026-04-20,1519,華城電機,1.14,176
2026-04-20,2360,致茂電子,2.52,169
2026-04-20,8996,高力熱處理工業,1.44,165
2026-04-20,3017,奇鋐科技,2.85,157
2026-04-20,8299,群聯電子,1.79,150
2026-04-20,3665,貿聯控股（BizLink Holding In,2.34,130
2026-04-20,3293,鈊象電子,0.74,129
2026-04-20,2383,台光電子材料,3.37,120
2026-04-20,6805,富世達,1.53,111
2026-04-20,1590,亞德客國際集團,0.85,91
2026-04-20,7769,鴻勁精密,2.78,86
2026-04-20,6669,緯穎科技服務,2.41,83
2026-04-20,2059,川湖科技,2.24,82
2026-04-20,6223,旺矽科技,2.66,71
2026-04-20,6442,光紅建聖,1.23,71
2026-04-20,3653,健策精密工業,2.41,66
2026-04-20,3533,嘉澤端子工業,1.03,54
2026-04-20,3443,創意電子,1.3,50
2026-04-20,6515,穎崴科技,2.91,37
2026-04-20,6510,中華精測科技,0.97,35
2026-04-20,5274,信驊科技,2.1,20
2026-04-21,2884,玉山金融控股,1.31,5569
2026-04-21,2891,中國信託金融控股,1.47,3891
2026-04-21,2344,華邦電子,1.87,2892
2026-04-21,2881,富邦金融控股,1.28,2057
2026-04-21,2317,鴻海精密工業,2.86,1905
2026-04-21,2408,南亞科技,2.36,1510
2026-04-21,3231,緯創資通,1.51,1470
2026-04-21,2382,廣達電腦,2.93,1213
2026-04-21,3264,欣銓科技,1.02,695
2026-04-21,3036,文曄科技,1.07,693
2026-04-21,2330,台灣積體電路製造,8.5,583
2026-04-21,4915,致伸科技,0.29,547
2026-04-21,3711,日月光投資控股,1.8,536
2026-04-21,2548,華固建設,0.43,470
2026-04-21,2308,台達電子工業,5.4,377
2026-04-21,1477,聚陽實業,0.59,369
2026-04-21,6831,邁科科技,1.15,314
2026-04-21,2368,金像電子（股）公司,2.6,299
2026-04-21,5434,崇越科技,0.91,294
2026-04-21,8210,勤誠興業,1.94,268
2026-04-21,6584,南俊國際,1.46,260
2026-04-21,3044,健鼎科技,0.8,253
2026-04-21,5234,達興材料,0.8,244
2026-04-21,2376,技嘉科技,0.46,225
2026-04-21,6274,台燿科技,1.52,222
2026-04-21,2345,智邦科技,3.24,208
2026-04-21,2454,聯發科技,2.79,188
2026-04-21,5904,寶雅國際,0.7,181
2026-04-21,1519,華城電機,1.15,176
2026-04-21,2360,致茂電子,2.43,169
2026-04-21,8996,高力熱處理工業,1.43,165
2026-04-21,3017,奇鋐科技,2.86,157
2026-04-21,8299,群聯電子,1.88,150
2026-04-21,3665,貿聯控股（BizLink Holding In,2.25,130
2026-04-21,3293,鈊象電子,0.71,129
2026-04-21,2383,台光電子材料,3.37,120
2026-04-21,6805,富世達,1.51,111
2026-04-21,1590,亞德客國際集團,0.82,91
2026-04-21,7769,鴻勁精密,2.73,86
2026-04-21,6669,緯穎科技服務,2.49,83
2026-04-21,2059,川湖科技,2.25,82
2026-04-21,6223,旺矽科技,2.49,71
2026-04-21,6442,光紅建聖,1.18,71
2026-04-21,3653,健策精密工業,2.52,66
2026-04-21,3533,嘉澤端子工業,1.01,54
2026-04-21,3443,創意電子,1.33,50
2026-04-21,6515,穎崴科技,2.82,37
2026-04-21,6510,中華精測科技,1.02,35
2026-04-21,5274,信驊科技,2.17,20
2026-04-22,2884,玉山金融控股,1.29,5569
2026-04-22,2891,中國信託金融控股,1.46,3891
2026-04-22,2344,華邦電子,1.84,2892
2026-04-22,2881,富邦金融控股,1.27,2057
2026-04-22,2317,鴻海精密工業,2.95,1905
2026-04-22,2408,南亞科技,2.32,1510
2026-04-22,3231,緯創資通,1.48,1470
2026-04-22,2382,廣達電腦,2.85,1213
2026-04-22,3264,欣銓科技,1.02,695
2026-04-22,3036,文曄科技,1.04,693
2026-04-22,2330,台灣積體電路製造,8.38,583
2026-04-22,4915,致伸科技,0.29,547
2026-04-22,3711,日月光投資控股,1.75,536
2026-04-22,2548,華固建設,0.43,470
2026-04-22,2308,台達電子工業,5.33,377
2026-04-22,1477,聚陽實業,0.57,369
2026-04-22,6831,邁科科技,1.2,314
2026-04-22,2368,金像電子（股）公司,2.62,299
2026-04-22,5434,崇越科技,0.89,294
2026-04-22,8210,勤誠興業,1.96,268
2026-04-22,6584,南俊國際,1.47,260
2026-04-22,3044,健鼎科技,0.82,253
2026-04-22,5234,達興材料,0.78,244
2026-04-22,2376,技嘉科技,0.45,225
2026-04-22,6274,台燿科技,1.52,222
2026-04-22,2345,智邦科技,3.21,208
2026-04-22,2454,聯發科技,3.03,188
2026-04-22,5904,寶雅國際,0.7,181
2026-04-22,1519,華城電機,1.13,176
2026-04-22,2360,致茂電子,2.41,169
2026-04-22,8996,高力熱處理工業,1.38,165
2026-04-22,3017,奇鋐科技,2.97,157
2026-04-22,8299,群聯電子,1.87,150
2026-04-22,3665,貿聯控股（BizLink Holding In,2.34,130
2026-04-22,3293,鈊象電子,0.71,129
2026-04-22,2383,台光電子材料,3.42,120
2026-04-22,6805,富世達,1.55,111
2026-04-22,1590,亞德客國際集團,0.85,91
2026-04-22,7769,鴻勁精密,2.86,86
2026-04-22,6669,緯穎科技服務,2.53,83
2026-04-22,2059,川湖科技,2.26,82
2026-04-22,6223,旺矽科技,2.4,71
2026-04-22,6442,光紅建聖,1.12,71
2026-04-22,3653,健策精密工業,2.5,66
2026-04-22,3533,嘉澤端子工業,1.0,54
2026-04-22,3443,創意電子,1.29,50
2026-04-22,6515,穎崴科技,2.78,37
2026-04-22,6510,中華精測科技,1.03,35
2026-04-22,5274,信驊科技,2.26,20
2026-04-23,2884,玉山金融控股,1.29,5569
2026-04-23,2891,中國信託金融控股,1.46,3891
2026-04-23,2344,華邦電子,1.81,2892
2026-04-23,2881,富邦金融控股,1.3,2057
2026-04-23,2317,鴻海精密工業,3.06,1905
2026-04-23,2408,南亞科技,2.24,1510
2026-04-23,3231,緯創資通,1.46,1470
2026-04-23,2382,廣達電腦,2.78,1213
2026-04-23,3264,欣銓科技,0.98,695
2026-04-23,3036,文曄科技,1.02,693
2026-04-23,2330,台灣積體電路製造,8.65,583
2026-04-23,4915,致伸科技,0.29,547
2026-04-23,3711,日月光投資控股,1.77,536
2026-04-23,2548,華固建設,0.44,470
2026-04-23,2308,台達電子工業,5.32,377
2026-04-23,1477,聚陽實業,0.58,369
2026-04-23,6831,邁科科技,1.16,314
2026-04-23,2368,金像電子（股）公司,2.7,299
2026-04-23,5434,崇越科技,0.88,294
2026-04-23,8210,勤誠興業,2.1,268
2026-04-23,6584,南俊國際,1.37,260
2026-04-23,3044,健鼎科技,0.83,253
2026-04-23,5234,達興材料,0.77,244
2026-04-23,2376,技嘉科技,0.44,225
2026-04-23,6274,台燿科技,1.5,222
2026-04-23,2345,智邦科技,3.08,208
2026-04-23,2454,聯發科技,2.97,188
2026-04-23,5904,寶雅國際,0.69,181
2026-04-23,1519,華城電機,1.1,176
2026-04-23,2360,致茂電子,2.34,169
2026-04-23,8996,高力熱處理工業,1.42,165
2026-04-23,3017,奇鋐科技,3.0,157
2026-04-23,8299,群聯電子,1.82,150
2026-04-23,3665,貿聯控股（BizLink Holding In,2.56,130
2026-04-23,3293,鈊象電子,0.7,129
2026-04-23,2383,台光電子材料,3.51,120
2026-04-23,6805,富世達,1.51,111
2026-04-23,1590,亞德客國際集團,0.9,91
2026-04-23,7769,鴻勁精密,2.95,86
2026-04-23,6669,緯穎科技服務,2.51,83
2026-04-23,2059,川湖科技,2.1,82
2026-04-23,6223,旺矽科技,2.42,71
2026-04-23,6442,光紅建聖,1.02,71
2026-04-23,3653,健策精密工業,2.5,66
2026-04-23,3533,嘉澤端子工業,0.95,54
2026-04-23,3443,創意電子,1.39,50
2026-04-23,6515,穎崴科技,2.83,37
2026-04-23,6510,中華精測科技,0.96,35
2026-04-23,5274,信驊科技,2.23,20
2026-04-24,2884,玉山金融控股,1.27,5569
2026-04-24,2891,中國信託金融控股,1.44,3891
2026-04-24,2344,華邦電子,1.78,2892
2026-04-24,2881,富邦金融控股,1.26,2057
2026-04-24,2317,鴻海精密工業,2.95,1905
2026-04-24,2408,南亞科技,2.17,1510
2026-04-24,3231,緯創資通,1.45,1470
2026-04-24,2382,廣達電腦,2.74,1213
2026-04-24,3264,欣銓科技,1.02,695
2026-04-24,3036,文曄科技,0.96,693
2026-04-24,2330,台灣積體電路製造,8.9,583
2026-04-24,4915,致伸科技,0.28,547
2026-04-24,3711,日月光投資控股,1.86,536
2026-04-24,2548,華固建設,0.43,470
2026-04-24,2308,台達電子工業,5.47,377
2026-04-24,1477,聚陽實業,0.56,369
2026-04-24,6831,邁科科技,1.07,314
2026-04-24,2368,金像電子（股）公司,2.9,299
2026-04-24,5434,崇越科技,0.85,294
2026-04-24,8210,勤誠興業,2.27,268
2026-04-24,6584,南俊國際,1.34,260
2026-04-24,3044,健鼎科技,0.85,253
2026-04-24,5234,達興材料,0.72,244
2026-04-24,2376,技嘉科技,0.44,225
2026-04-24,6274,台燿科技,1.62,222
2026-04-24,2345,智邦科技,3.11,208
2026-04-24,2454,聯發科技,3.2,188
2026-04-24,5904,寶雅國際,0.68,181
2026-04-24,1519,華城電機,1.09,176
2026-04-24,2360,致茂電子,2.27,169
2026-04-24,8996,高力熱處理工業,1.3,165
2026-04-24,3017,奇鋐科技,3.23,157
2026-04-24,8299,群聯電子,1.76,150
2026-04-24,3665,貿聯控股（BizLink Holding In,2.52,130
2026-04-24,3293,鈊象電子,0.68,129
2026-04-24,2383,台光電子材料,3.75,120
2026-04-24,6805,富世達,1.49,111
2026-04-24,1590,亞德客國際集團,0.86,91
2026-04-24,7769,鴻勁精密,2.84,86
2026-04-24,6669,緯穎科技服務,2.69,83
2026-04-24,2059,川湖科技,2.17,82
2026-04-24,6223,旺矽科技,2.31,71
2026-04-24,6442,光紅建聖,0.93,71
2026-04-24,3653,健策精密工業,2.48,66
2026-04-24,3533,嘉澤端子工業,0.95,54
2026-04-24,3443,創意電子,1.41,50
2026-04-24,6515,穎崴科技,2.6,37
2026-04-24,6510,中華精測科技,0.89,35
2026-04-24,5274,信驊科技,2.29,20
2026-04-27,2884,玉山金融控股,1.26,5569
2026-04-27,2891,中國信託金融控股,1.42,3891
2026-04-27,2344,華邦電子,1.88,2892
2026-04-27,2881,富邦金融控股,1.25,2057
2026-04-27,2317,鴻海精密工業,3.01,1905
2026-04-27,2408,南亞科技,2.37,1510
2026-04-27,3231,緯創資通,1.45,1470
2026-04-27,2382,廣達電腦,2.74,1213
2026-04-27,3264,欣銓科技,0.94,695
2026-04-27,3036,文曄科技,0.97,693
2026-04-27,2330,台灣積體電路製造,9.16,583
2026-04-27,4915,致伸科技,0.27,547
2026-04-27,3711,日月光投資控股,1.84,536
2026-04-27,2548,華固建設,0.43,470
2026-04-27,2308,台達電子工業,5.28,377
2026-04-27,1477,聚陽實業,0.55,369
2026-04-27,6831,邁科科技,1.06,314
2026-04-27,2368,金像電子（股）公司,2.94,299
2026-04-27,5434,崇越科技,0.83,294
2026-04-27,8210,勤誠興業,2.17,268
2026-04-27,6584,南俊國際,1.24,260
2026-04-27,3044,健鼎科技,0.85,253
2026-04-27,5234,達興材料,0.71,244
2026-04-27,2376,技嘉科技,0.44,225
2026-04-27,6274,台燿科技,1.52,222
2026-04-27,2345,智邦科技,3.14,208
2026-04-27,2454,聯發科技,3.17,188
2026-04-27,5904,寶雅國際,0.66,181
2026-04-27,1519,華城電機,1.08,176
2026-04-27,2360,致茂電子,2.26,169
2026-04-27,8996,高力熱處理工業,1.22,165
2026-04-27,3017,奇鋐科技,3.09,157
2026-04-27,8299,群聯電子,1.91,150
2026-04-27,3665,貿聯控股（BizLink Holding In,2.38,130
2026-04-27,3293,鈊象電子,0.67,129
2026-04-27,2383,台光電子材料,3.94,120
2026-04-27,6805,富世達,1.59,111
2026-04-27,1590,亞德客國際集團,0.89,91
2026-04-27,7769,鴻勁精密,2.96,86
2026-04-27,6669,緯穎科技服務,2.81,83
2026-04-27,2059,川湖科技,2.25,82
2026-04-27,6223,旺矽科技,2.4,71
2026-04-27,6442,光紅建聖,0.87,71
2026-04-27,3653,健策精密工業,2.27,66
2026-04-27,3533,嘉澤端子工業,1.01,54
2026-04-27,3443,創意電子,1.37,50
2026-04-27,6515,穎崴科技,2.46,37
2026-04-27,6510,中華精測科技,0.87,35
2026-04-27,5274,信驊科技,2.22,20
2026-04-28,2884,玉山金融控股,1.24,5569
2026-04-28,2891,中國信託金融控股,1.43,3891
2026-04-28,2344,華邦電子,1.9,2892
2026-04-28,2881,富邦金融控股,1.25,2057
2026-04-28,2317,鴻海精密工業,2.95,1905
2026-04-28,2408,南亞科技,2.46,1510
2026-04-28,3231,緯創資通,1.42,1470
2026-04-28,2382,廣達電腦,2.68,1213
2026-04-28,3264,欣銓科技,0.95,695
2026-04-28,3036,文曄科技,0.99,693
2026-04-28,2330,台灣積體電路製造,8.87,583
2026-04-28,4915,致伸科技,0.27,547
2026-04-28,3711,日月光投資控股,1.83,536
2026-04-28,2548,華固建設,0.41,470
2026-04-28,2308,台達電子工業,5.51,377
2026-04-28,1477,聚陽實業,0.55,369
2026-04-28,6831,邁科科技,1.03,314
2026-04-28,2368,金像電子（股）公司,2.86,299
2026-04-28,5434,崇越科技,0.84,294
2026-04-28,8210,勤誠興業,2.15,268
2026-04-28,6584,南俊國際,1.26,260
2026-04-28,3044,健鼎科技,0.79,253
2026-04-28,5234,達興材料,0.72,244
2026-04-28,2376,技嘉科技,0.44,225
2026-04-28,6274,台燿科技,1.47,222
2026-04-28,2345,智邦科技,3.28,208
2026-04-28,2454,聯發科技,3.38,188
2026-04-28,5904,寶雅國際,0.68,181
2026-04-28,1519,華城電機,1.06,176
2026-04-28,2360,致茂電子,2.4,169
2026-04-28,8996,高力熱處理工業,1.33,165
2026-04-28,3017,奇鋐科技,3.0,157
2026-04-28,8299,群聯電子,2.03,150
2026-04-28,3665,貿聯控股（BizLink Holding In,2.36,130
2026-04-28,3293,鈊象電子,0.67,129
2026-04-28,2383,台光電子材料,3.61,120
2026-04-28,6805,富世達,1.59,111
2026-04-28,1590,亞德客國際集團,0.88,91
2026-04-28,7769,鴻勁精密,3.01,86
2026-04-28,6669,緯穎科技服務,2.74,83
2026-04-28,2059,川湖科技,2.24,82
2026-04-28,6223,旺矽科技,2.38,71
2026-04-28,6442,光紅建聖,0.93,71
2026-04-28,3653,健策精密工業,2.25,66
2026-04-28,3533,嘉澤端子工業,0.99,54
2026-04-28,3443,創意電子,1.44,50
2026-04-28,6515,穎崴科技,2.58,37
2026-04-28,6510,中華精測科技,0.89,35
2026-04-28,5274,信驊科技,2.21,20
2026-04-29,2884,玉山金融控股,1.23,5569
2026-04-29,2891,中國信託金融控股,1.41,3891
2026-04-29,2344,華邦電子,1.83,2892
2026-04-29,2881,富邦金融控股,1.29,2057
2026-04-29,2317,鴻海精密工業,2.93,1905
2026-04-29,2408,南亞科技,2.43,1510
2026-04-29,3231,緯創資通,1.41,1470
2026-04-29,2382,廣達電腦,2.67,1213
2026-04-29,3264,欣銓科技,0.95,695
2026-04-29,3036,文曄科技,0.96,693
2026-04-29,2330,台灣積體電路製造,8.7,583
2026-04-29,4915,致伸科技,0.28,547
2026-04-29,3711,日月光投資控股,1.79,536
2026-04-29,2548,華固建設,0.41,470
2026-04-29,2308,台達電子工業,5.59,377
2026-04-29,1477,聚陽實業,0.54,369
2026-04-29,6831,邁科科技,0.99,314
2026-04-29,2368,金像電子（股）公司,2.78,299
2026-04-29,5434,崇越科技,0.82,294
2026-04-29,8210,勤誠興業,2.05,268
2026-04-29,6584,南俊國際,1.26,260
2026-04-29,3044,健鼎科技,0.79,253
2026-04-29,5234,達興材料,0.77,244
2026-04-29,2376,技嘉科技,0.42,225
2026-04-29,6274,台燿科技,1.48,222
2026-04-29,2345,智邦科技,3.15,208
2026-04-29,2454,聯發科技,3.31,188
2026-04-29,5904,寶雅國際,0.69,181
2026-04-29,1519,華城電機,1.05,176
2026-04-29,2360,致茂電子,2.38,169
2026-04-29,8996,高力熱處理工業,1.29,165
2026-04-29,3017,奇鋐科技,3.05,157
2026-04-29,8299,群聯電子,2.12,150
2026-04-29,3665,貿聯控股（BizLink Holding In,2.48,130
2026-04-29,3293,鈊象電子,0.67,129
2026-04-29,2383,台光電子材料,3.65,120
2026-04-29,6805,富世達,1.57,111
2026-04-29,1590,亞德客國際集團,0.93,91
2026-04-29,7769,鴻勁精密,3.07,86
2026-04-29,6669,緯穎科技服務,2.75,83
2026-04-29,2059,川湖科技,2.33,82
2026-04-29,6223,旺矽科技,2.4,71
2026-04-29,6442,光紅建聖,0.97,71
2026-04-29,3653,健策精密工業,2.46,66
2026-04-29,3533,嘉澤端子工業,0.98,54
2026-04-29,3443,創意電子,1.41,50
2026-04-29,6515,穎崴科技,2.58,37
2026-04-29,6510,中華精測科技,0.87,35
2026-04-29,5274,信驊科技,2.27,20
2026-04-30,2344,華邦電子,1.79,2892
2026-04-30,2891,中國信託金融控股,0.94,2614
2026-04-30,2317,鴻海精密工業,2.89,1905
2026-04-30,2884,玉山金融控股,0.4,1833
2026-04-30,2408,南亞科技,2.25,1510
2026-04-30,2382,廣達電腦,3.12,1445
2026-04-30,3231,緯創資通,1.07,1127
2026-04-30,3036,文曄科技,0.98,693
2026-04-30,2330,台灣積體電路製造,8.6,583
2026-04-30,4915,致伸科技,0.28,547
2026-04-30,3711,日月光投資控股,1.77,536
2026-04-30,2548,華固建設,0.41,470
2026-04-30,2308,台達電子工業,6.27,419
2026-04-30,1477,聚陽實業,0.54,369
2026-04-30,2368,金像電子（股）公司,2.87,299
2026-04-30,8210,勤誠興業,2.09,268
2026-04-30,6584,南俊國際,1.22,260
2026-04-30,3044,健鼎科技,0.78,253
2026-04-30,2376,技嘉科技,0.42,225
2026-04-30,6831,邁科科技,0.73,224
2026-04-30,6274,台燿科技,1.55,222
2026-04-30,2345,智邦科技,3.28,208
2026-04-30,2360,致茂電子,2.91,199
2026-04-30,2454,聯發科技,3.39,188
2026-04-30,3017,奇鋐科技,3.6,184
2026-04-30,3189,景碩科技,0.66,180
2026-04-30,8996,高力熱處理工業,1.42,165
2026-04-30,3264,欣銓科技,0.21,158
2026-04-30,8299,群聯電子,1.97,150
2026-04-30,6805,富世達,2.12,148
2026-04-30,2383,台光電子材料,4.21,134
2026-04-30,3665,貿聯控股（BizLink Holding In,2.49,130
2026-04-30,3293,鈊象電子,0.67,129
2026-04-30,5904,寶雅國際,0.37,92
2026-04-30,7769,鴻勁精密,2.94,86
2026-04-30,6669,緯穎科技服務,2.68,83
2026-04-30,2059,川湖科技,2.22,82
2026-04-30,1519,華城電機,0.44,72
2026-04-30,6223,旺矽科技,2.42,71
2026-04-30,6442,光紅建聖,1.04,71
2026-04-30,3653,健策精密工業,2.45,66
2026-04-30,3533,嘉澤端子工業,0.98,54
2026-04-30,5434,崇越科技,0.15,54
2026-04-30,3443,創意電子,1.47,50
2026-04-30,3081,聯亞光電工業,0.82,45
2026-04-30,6515,穎崴科技,2.65,37
2026-04-30,5274,信驊科技,2.28,20
2026-05-01,2344,華邦電子,1.79,2892
2026-05-01,2891,中國信託金融控股,0.94,2614
2026-05-01,2317,鴻海精密工業,2.89,1905
2026-05-01,2884,玉山金融控股,0.4,1833
2026-05-01,2408,南亞科技,2.25,1510
2026-05-01,2382,廣達電腦,3.12,1445
2026-05-01,3231,緯創資通,1.07,1127
2026-05-01,3036,文曄科技,0.98,693
2026-05-01,2330,台灣積體電路製造,8.6,583
2026-05-01,4915,致伸科技,0.28,547
2026-05-01,3711,日月光投資控股,1.77,536
2026-05-01,2548,華固建設,0.41,470
2026-05-01,2308,台達電子工業,6.27,419
2026-05-01,1477,聚陽實業,0.54,369
2026-05-01,2368,金像電子（股）公司,2.87,299
2026-05-01,8210,勤誠興業,2.09,268
2026-05-01,6584,南俊國際,1.22,260
2026-05-01,3044,健鼎科技,0.78,253
2026-05-01,2376,技嘉科技,0.42,225
2026-05-01,6831,邁科科技,0.73,224
2026-05-01,6274,台燿科技,1.55,222
2026-05-01,2345,智邦科技,3.28,208
2026-05-01,2360,致茂電子,2.91,199
2026-05-01,2454,聯發科技,3.39,188
2026-05-01,3017,奇鋐科技,3.6,184
2026-05-01,3189,景碩科技,0.66,180
2026-05-01,8996,高力熱處理工業,1.42,165
2026-05-01,3264,欣銓科技,0.21,158
2026-05-01,8299,群聯電子,1.97,150
2026-05-01,6805,富世達,2.12,148
2026-05-01,2383,台光電子材料,4.21,134
2026-05-01,3665,貿聯控股（BizLink Holding In,2.49,130
2026-05-01,3293,鈊象電子,0.67,129
2026-05-01,5904,寶雅國際,0.37,92
2026-05-01,7769,鴻勁精密,2.94,86
2026-05-01,6669,緯穎科技服務,2.68,83
2026-05-01,2059,川湖科技,2.22,82
2026-05-01,1519,華城電機,0.44,72
2026-05-01,6223,旺矽科技,2.42,71
2026-05-01,6442,光紅建聖,1.04,71
2026-05-01,3653,健策精密工業,2.45,66
2026-05-01,3533,嘉澤端子工業,0.98,54
2026-05-01,5434,崇越科技,0.15,54
2026-05-01,3443,創意電子,1.47,50
2026-05-01,3081,聯亞光電工業,0.82,45
2026-05-01,6515,穎崴科技,2.65,37
2026-05-01,5274,信驊科技,2.28,20
2026-05-04,2344,華邦電子,1.82,2892
2026-05-04,2891,中國信託金融控股,0.91,2614
2026-05-04,2317,鴻海精密工業,2.87,1905
2026-05-04,2884,玉山金融控股,0.38,1833
2026-05-04,2408,南亞科技,2.37,1510
2026-05-04,2382,廣達電腦,3.04,1445
2026-05-04,3231,緯創資通,1.05,1127
2026-05-04,3036,文曄科技,0.96,693
2026-05-04,2330,台灣積體電路製造,8.77,583
2026-05-04,4915,致伸科技,0.27,547
2026-05-04,3711,日月光投資控股,1.86,536
2026-05-04,2548,華固建設,0.38,470
2026-05-04,2308,台達電子工業,6.15,419
2026-05-04,1477,聚陽實業,0.51,369
2026-05-04,2368,金像電子（股）公司,2.85,299
2026-05-04,8210,勤誠興業,2.04,268
2026-05-04,6584,南俊國際,1.16,260
2026-05-04,3044,健鼎科技,0.78,253
2026-05-04,2376,技嘉科技,0.42,225
2026-05-04,6831,邁科科技,0.7,224
2026-05-04,6274,台燿科技,1.63,222
2026-05-04,2345,智邦科技,3.45,208
2026-05-04,2360,致茂電子,3.04,199
2026-05-04,2454,聯發科技,3.57,188
2026-05-04,3017,奇鋐科技,3.51,184
2026-05-04,3189,景碩科技,0.63,180
2026-05-04,8996,高力熱處理工業,1.36,165
2026-05-04,3264,欣銓科技,0.22,158
2026-05-04,8299,群聯電子,1.99,150
2026-05-04,6805,富世達,2.17,148
2026-05-04,2383,台光電子材料,4.21,134
2026-05-04,3665,貿聯控股（BizLink Holding In,2.53,130
2026-05-04,3293,鈊象電子,0.63,129
2026-05-04,5904,寶雅國際,0.35,92
2026-05-04,7769,鴻勁精密,3.06,86
2026-05-04,6669,緯穎科技服務,2.67,83
2026-05-04,2059,川湖科技,2.2,82
2026-05-04,1519,華城電機,0.44,72
2026-05-04,6223,旺矽科技,2.43,71
2026-05-04,6442,光紅建聖,0.98,71
2026-05-04,3653,健策精密工業,2.31,66
2026-05-04,3533,嘉澤端子工業,0.93,54
2026-05-04,5434,崇越科技,0.15,54
2026-05-04,3443,創意電子,1.55,50
2026-05-04,3081,聯亞光電工業,0.82,45
2026-05-04,6515,穎崴科技,2.62,37
2026-05-04,5274,信驊科技,2.32,20
2026-05-05,2344,華邦電子,1.81,2892
2026-05-05,2891,中國信託金融控股,0.88,2614
2026-05-05,2317,鴻海精密工業,2.88,1905
2026-05-05,2884,玉山金融控股,0.37,1833
2026-05-05,2408,南亞科技,2.45,1510
2026-05-05,2382,廣達電腦,2.93,1445
2026-05-05,3231,緯創資通,1.01,1127
2026-05-05,3036,文曄科技,0.92,693
2026-05-05,2330,台灣積體電路製造,8.63,607
2026-05-05,4915,致伸科技,0.26,547
2026-05-05,3711,日月光投資控股,1.76,536
2026-05-05,2548,華固建設,0.36,470
2026-05-05,2308,台達電子工業,6.28,459
2026-05-05,1477,聚陽實業,0.49,369
2026-05-05,2368,金像電子（股）公司,2.8,299
2026-05-05,3189,景碩科技,0.93,280
2026-05-05,8210,勤誠興業,2.14,268
2026-05-05,6584,南俊國際,1.17,260
2026-05-05,3044,健鼎科技,0.77,253
2026-05-05,3037,欣興電子,1.37,240
2026-05-05,2360,致茂電子,3.22,228
2026-05-05,2376,技嘉科技,0.4,225
2026-05-05,6831,邁科科技,0.74,224
2026-05-05,6274,台燿科技,1.71,222
2026-05-05,2345,智邦科技,3.28,208
2026-05-05,8996,高力熱處理工業,1.53,203
2026-05-05,2454,聯發科技,3.75,188
2026-05-05,3017,奇鋐科技,3.15,184
2026-05-05,3264,欣銓科技,0.24,158
2026-05-05,8299,群聯電子,2.01,150
2026-05-05,6805,富世達,1.87,148
2026-05-05,2383,台光電子材料,4.01,134
2026-05-05,3665,貿聯控股（BizLink Holding In,2.37,130
2026-05-05,3293,鈊象電子,0.6,129
2026-05-05,5904,寶雅國際,0.33,92
2026-05-05,7769,鴻勁精密,3.04,86
2026-05-05,6669,緯穎科技服務,2.49,83
2026-05-05,2059,川湖科技,2.15,82
2026-05-05,1519,華城電機,0.41,72
2026-05-05,6223,旺矽科技,2.24,71
2026-05-05,6442,光紅建聖,0.92,71
2026-05-05,3653,健策精密工業,1.99,66
2026-05-05,3081,聯亞光電工業,1.16,65
2026-05-05,3533,嘉澤端子工業,0.85,54
2026-05-05,5434,崇越科技,0.14,54
2026-05-05,3443,創意電子,1.53,50
2026-05-05,6515,穎崴科技,2.35,37
2026-05-05,5274,信驊科技,2.59,23
2026-05-06,2344,華邦電子,1.92,2892
2026-05-06,2891,中國信託金融控股,0.87,2614
2026-05-06,2317,鴻海精密工業,2.94,1905
2026-05-06,2884,玉山金融控股,0.36,1833
2026-05-06,2408,南亞科技,2.6,1510
2026-05-06,2382,廣達電腦,3.06,1445
2026-05-06,3231,緯創資通,1.01,1127
2026-05-06,3036,文曄科技,0.91,693
2026-05-06,2330,台灣積體電路製造,8.35,607
2026-05-06,4915,致伸科技,0.25,547
2026-05-06,3711,日月光投資控股,1.72,536
2026-05-06,2548,華固建設,0.36,470
2026-05-06,2308,台達電子工業,6.21,459
2026-05-06,1477,聚陽實業,0.48,369
2026-05-06,2368,金像電子（股）公司,2.64,299
2026-05-06,3189,景碩科技,0.83,280
2026-05-06,8210,勤誠興業,2.17,268
2026-05-06,6584,南俊國際,1.13,260
2026-05-06,3044,健鼎科技,0.76,253
2026-05-06,3037,欣興電子,1.26,240
2026-05-06,2360,致茂電子,3.27,228
2026-05-06,2376,技嘉科技,0.41,225
2026-05-06,6831,邁科科技,0.77,224
2026-05-06,6274,台燿科技,1.79,222
2026-05-06,2345,智邦科技,3.16,208
2026-05-06,8996,高力熱處理工業,1.45,203
2026-05-06,2454,聯發科技,3.94,188
2026-05-06,3017,奇鋐科技,2.74,184
2026-05-06,3264,欣銓科技,0.22,158
2026-05-06,8299,群聯電子,2.13,150
2026-05-06,6805,富世達,1.7,148
2026-05-06,2383,台光電子材料,4.06,134
2026-05-06,3665,貿聯控股（BizLink Holding In,2.19,130
2026-05-06,3293,鈊象電子,0.58,129
2026-05-06,5904,寶雅國際,0.34,92
2026-05-06,7769,鴻勁精密,3.0,86
2026-05-06,6669,緯穎科技服務,2.52,83
2026-05-06,2059,川湖科技,2.21,82
2026-05-06,1519,華城電機,0.39,72
2026-05-06,6223,旺矽科技,2.15,71
2026-05-06,6442,光紅建聖,0.89,71
2026-05-06,3653,健策精密工業,1.74,66
2026-05-06,3081,聯亞光電工業,1.06,65
2026-05-06,3533,嘉澤端子工業,0.9,54
2026-05-06,5434,崇越科技,0.14,54
2026-05-06,3443,創意電子,1.52,50
2026-05-06,6515,穎崴科技,2.29,37
2026-05-06,5274,信驊科技,2.63,23
2026-05-07,2344,華邦電子,1.98,2892
2026-05-07,2891,中國信託金融控股,0.88,2614
2026-05-07,2317,鴻海精密工業,2.9,1905
2026-05-07,2884,玉山金融控股,0.35,1833
2026-05-07,2408,南亞科技,2.6,1510
2026-05-07,2382,廣達電腦,2.98,1445
2026-05-07,3231,緯創資通,0.99,1127
2026-05-07,3036,文曄科技,0.91,693
2026-05-07,2330,台灣積體電路製造,8.41,607
2026-05-07,4915,致伸科技,0.24,547
2026-05-07,3711,日月光投資控股,1.74,536
2026-05-07,2548,華固建設,0.35,470
2026-05-07,2308,台達電子工業,6.28,459
2026-05-07,1477,聚陽實業,0.49,369
2026-05-07,2368,金像電子（股）公司,2.6,299
2026-05-07,3189,景碩科技,0.83,280
2026-05-07,8210,勤誠興業,2.07,268
2026-05-07,6584,南俊國際,1.11,260
2026-05-07,3044,健鼎科技,0.76,253
2026-05-07,3037,欣興電子,1.29,240
2026-05-07,2360,致茂電子,3.18,228
2026-05-07,2376,技嘉科技,0.42,225
2026-05-07,6831,邁科科技,0.75,224
2026-05-07,6274,台燿科技,1.92,222
2026-05-07,2345,智邦科技,3.19,208
2026-05-07,8996,高力熱處理工業,1.31,203
2026-05-07,2454,聯發科技,3.86,188
2026-05-07,3017,奇鋐科技,2.67,184
2026-05-07,3264,欣銓科技,0.24,158
2026-05-07,8299,群聯電子,2.15,150
2026-05-07,6805,富世達,1.7,148
2026-05-07,2383,台光電子材料,3.99,134
2026-05-07,3665,貿聯控股（BizLink Holding In,2.17,130
2026-05-07,3293,鈊象電子,0.56,129
2026-05-07,5904,寶雅國際,0.33,92
2026-05-07,7769,鴻勁精密,3.01,86
2026-05-07,6669,緯穎科技服務,2.43,83
2026-05-07,2059,川湖科技,2.38,82
2026-05-07,1519,華城電機,0.38,72
2026-05-07,6223,旺矽科技,2.14,71
2026-05-07,6442,光紅建聖,0.89,71
2026-05-07,3653,健策精密工業,1.53,66
2026-05-07,3081,聯亞光電工業,1.04,65
2026-05-07,3533,嘉澤端子工業,0.92,54
2026-05-07,5434,崇越科技,0.14,54
2026-05-07,3443,創意電子,1.63,50
2026-05-07,6515,穎崴科技,2.19,37
2026-05-07,5274,信驊科技,2.47,23
2026-05-08,2344,華邦電子,1.87,2892
2026-05-08,2891,中國信託金融控股,0.89,2614
2026-05-08,2317,鴻海精密工業,2.87,1905
2026-05-08,2884,玉山金融控股,0.36,1833
2026-05-08,2408,南亞科技,2.49,1510
2026-05-08,2382,廣達電腦,2.97,1445
2026-05-08,3231,緯創資通,1.0,1127
2026-05-08,3036,文曄科技,1.0,693
2026-05-08,2330,台灣積體電路製造,8.38,607
2026-05-08,4915,致伸科技,0.24,547
2026-05-08,3711,日月光投資控股,1.67,536
2026-05-08,2548,華固建設,0.35,470
2026-05-08,2308,台達電子工業,6.09,459
2026-05-08,1477,聚陽實業,0.49,369
2026-05-08,2368,金像電子（股）公司,2.4,299
2026-05-08,3189,景碩科技,0.77,280
2026-05-08,8210,勤誠興業,2.29,268
2026-05-08,6584,南俊國際,1.05,260
2026-05-08,3044,健鼎科技,0.73,253
2026-05-08,3037,欣興電子,1.18,240
2026-05-08,2360,致茂電子,3.07,228
2026-05-08,2376,技嘉科技,0.43,225
2026-05-08,6831,邁科科技,0.73,224
2026-05-08,6274,台燿科技,1.83,222
2026-05-08,2345,智邦科技,2.98,208
2026-05-08,8996,高力熱處理工業,1.24,203
2026-05-08,2454,聯發科技,4.11,188
2026-05-08,3017,奇鋐科技,2.71,184
2026-05-08,3264,欣銓科技,0.21,158
2026-05-08,8299,群聯電子,2.2,150
2026-05-08,6805,富世達,1.77,148
2026-05-08,2383,台光電子材料,3.84,134
2026-05-08,3665,貿聯控股（BizLink Holding In,2.16,130
2026-05-08,3293,鈊象電子,0.57,129
2026-05-08,5904,寶雅國際,0.33,92
2026-05-08,7769,鴻勁精密,3.01,86
2026-05-08,6669,緯穎科技服務,2.6,83
2026-05-08,2059,川湖科技,2.63,82
2026-05-08,1519,華城電機,0.39,72
2026-05-08,6223,旺矽科技,2.15,71
2026-05-08,6442,光紅建聖,0.84,71
2026-05-08,3653,健策精密工業,1.45,66
2026-05-08,3081,聯亞光電工業,1.03,65
2026-05-08,3533,嘉澤端子工業,0.88,54
2026-05-08,5434,崇越科技,0.14,54
2026-05-08,3443,創意電子,1.57,50
2026-05-08,6515,穎崴科技,2.15,37
2026-05-08,5274,信驊科技,2.35,23
2026-05-11,2344,華邦電子,1.98,2892
2026-05-11,2891,中國信託金融控股,0.84,2614
2026-05-11,2317,鴻海精密工業,2.79,1905
2026-05-11,2884,玉山金融控股,0.34,1833
2026-05-11,2408,南亞科技,2.64,1510
2026-05-11,2382,廣達電腦,2.89,1445
2026-05-11,3231,緯創資通,0.91,1127
2026-05-11,3036,文曄科技,1.07,693
2026-05-11,2330,台灣積體電路製造,7.89,607
2026-05-11,4915,致伸科技,0.23,547
2026-05-11,3711,日月光投資控股,1.67,536
2026-05-11,2548,華固建設,0.35,470
2026-05-11,2308,台達電子工業,5.99,459
2026-05-11,1477,聚陽實業,0.47,369
2026-05-11,2368,金像電子（股）公司,2.43,299
2026-05-11,3189,景碩科技,0.82,280
2026-05-11,8210,勤誠興業,2.42,268
2026-05-11,6584,南俊國際,1.04,260
2026-05-11,3044,健鼎科技,0.72,253
2026-05-11,3037,欣興電子,1.2,240
2026-05-11,2360,致茂電子,3.13,228
2026-05-11,2376,技嘉科技,0.42,225
2026-05-11,6831,邁科科技,0.77,224
2026-05-11,6274,台燿科技,1.88,222
2026-05-11,2345,智邦科技,3.13,208
2026-05-11,8996,高力熱處理工業,1.25,203
2026-05-11,2454,聯發科技,4.24,188
2026-05-11,3017,奇鋐科技,2.73,184
2026-05-11,3264,欣銓科技,0.21,158
2026-05-11,8299,群聯電子,2.33,150
2026-05-11,6805,富世達,1.72,148
2026-05-11,2383,台光電子材料,3.78,134
2026-05-11,3665,貿聯控股（BizLink Holding In,2.2,130
2026-05-11,3293,鈊象電子,0.55,129
2026-05-11,5904,寶雅國際,0.31,92
2026-05-11,7769,鴻勁精密,3.19,86
2026-05-11,6669,緯穎科技服務,2.58,83
2026-05-11,2059,川湖科技,2.63,82
2026-05-11,1519,華城電機,0.39,72
2026-05-11,6223,旺矽科技,2.06,71
2026-05-11,6442,光紅建聖,0.81,71
2026-05-11,3653,健策精密工業,1.54,66
2026-05-11,3081,聯亞光電工業,1.05,65
2026-05-11,3533,嘉澤端子工業,0.89,54
2026-05-11,5434,崇越科技,0.14,54
2026-05-11,3443,創意電子,1.67,50
2026-05-11,6515,穎崴科技,2.17,37
2026-05-11,5274,信驊科技,2.38,23
2026-05-12,2344,華邦電子,2.04,2892
2026-05-12,2891,中國信託金融控股,0.81,2614
2026-05-12,2317,鴻海精密工業,2.76,1905
2026-05-12,2884,玉山金融控股,0.34,1833
2026-05-12,2408,南亞科技,2.81,1510
2026-05-12,2382,廣達電腦,2.85,1445
2026-05-12,3231,緯創資通,0.92,1127
2026-05-12,3036,文曄科技,1.11,693
2026-05-12,2330,台灣積體電路製造,7.94,607
2026-05-12,4915,致伸科技,0.23,547
2026-05-12,3711,日月光投資控股,1.72,536
2026-05-12,2548,華固建設,0.34,470
2026-05-12,2308,台達電子工業,5.84,459
2026-05-12,1477,聚陽實業,0.49,369
2026-05-12,2368,金像電子（股）公司,2.41,299
2026-05-12,3189,景碩科技,0.8,280
2026-05-12,8210,勤誠興業,2.41,268
2026-05-12,6584,南俊國際,1.03,260
2026-05-12,3044,健鼎科技,0.71,253
2026-05-12,3037,欣興電子,1.22,240
2026-05-12,2360,致茂電子,3.23,228
2026-05-12,2376,技嘉科技,0.42,225
2026-05-12,6831,邁科科技,0.81,224
2026-05-12,6274,台燿科技,1.87,222
2026-05-12,2345,智邦科技,3.05,208
2026-05-12,8996,高力熱處理工業,1.24,203
2026-05-12,2454,聯發科技,4.03,188
2026-05-12,3017,奇鋐科技,2.69,184
2026-05-12,3264,欣銓科技,0.21,158
2026-05-12,8299,群聯電子,2.37,150
2026-05-12,6805,富世達,1.59,148
2026-05-12,2383,台光電子材料,3.81,134
2026-05-12,3665,貿聯控股（BizLink Holding In,2.1,130
2026-05-12,3293,鈊象電子,0.55,129
2026-05-12,5904,寶雅國際,0.3,92
2026-05-12,7769,鴻勁精密,3.43,86
2026-05-12,6669,緯穎科技服務,2.79,83
2026-05-12,2059,川湖科技,2.59,82
2026-05-12,1519,華城電機,0.38,72
2026-05-12,6223,旺矽科技,2.26,71
2026-05-12,6442,光紅建聖,0.78,71
2026-05-12,3653,健策精密工業,1.5,66
2026-05-12,3081,聯亞光電工業,1.15,65
2026-05-12,3533,嘉澤端子工業,0.88,54
2026-05-12,5434,崇越科技,0.13,54
2026-05-12,3443,創意電子,1.61,50
2026-05-12,6515,穎崴科技,2.13,37
2026-05-12,5274,信驊科技,2.4,23
2026-05-13,2344,華邦電子,2.05,2892
2026-05-13,2891,中國信託金融控股,0.83,2614
2026-05-13,2317,鴻海精密工業,2.78,1905
2026-05-13,2884,玉山金融控股,0.34,1833
2026-05-13,2408,南亞科技,2.82,1510
2026-05-13,2382,廣達電腦,2.86,1445
2026-05-13,3231,緯創資通,0.92,1127
2026-05-13,3036,文曄科技,1.14,693
2026-05-13,2330,台灣積體電路製造,7.83,607
2026-05-13,4915,致伸科技,0.22,547
2026-05-13,3711,日月光投資控股,1.71,536
2026-05-13,2548,華固建設,0.34,470
2026-05-13,2308,台達電子工業,5.77,459
2026-05-13,1477,聚陽實業,0.49,369
2026-05-13,2368,金像電子（股）公司,2.35,299
2026-05-13,3189,景碩科技,0.81,280
2026-05-13,8210,勤誠興業,2.37,268
2026-05-13,6584,南俊國際,1.03,260
2026-05-13,3044,健鼎科技,0.78,253
2026-05-13,3037,欣興電子,1.24,240
2026-05-13,2360,致茂電子,3.19,228
2026-05-13,2376,技嘉科技,0.41,225
2026-05-13,6831,邁科科技,0.9,224
2026-05-13,6274,台燿科技,1.87,222
2026-05-13,2345,智邦科技,2.94,208
2026-05-13,8996,高力熱處理工業,1.21,203
2026-05-13,2454,聯發科技,3.82,188
2026-05-13,3017,奇鋐科技,2.76,184
2026-05-13,3264,欣銓科技,0.21,158
2026-05-13,8299,群聯電子,2.28,150
2026-05-13,6805,富世達,1.57,148
2026-05-13,2383,台光電子材料,3.84,134
2026-05-13,3665,貿聯控股（BizLink Holding In,1.89,130
2026-05-13,3293,鈊象電子,0.54,129
2026-05-13,5904,寶雅國際,0.3,92
2026-05-13,7769,鴻勁精密,3.72,86
2026-05-13,6669,緯穎科技服務,2.69,83
2026-05-13,2059,川湖科技,2.5,82
2026-05-13,1519,華城電機,0.37,72
2026-05-13,6223,旺矽科技,2.36,71
2026-05-13,6442,光紅建聖,0.74,71
2026-05-13,3653,健策精密工業,1.35,66
2026-05-13,3081,聯亞光電工業,1.07,65
2026-05-13,3533,嘉澤端子工業,0.81,54
2026-05-13,5434,崇越科技,0.13,54
2026-05-13,3443,創意電子,1.55,50
2026-05-13,6515,穎崴科技,2.12,37
2026-05-13,5274,信驊科技,2.38,23
2026-05-14,2344,華邦電子,2.24,2892
2026-05-14,2891,中國信託金融控股,0.83,2614
2026-05-14,2317,鴻海精密工業,2.69,1905
2026-05-14,2884,玉山金融控股,0.34,1833
2026-05-14,2408,南亞科技,2.98,1510
2026-05-14,2382,廣達電腦,2.79,1445
2026-05-14,3231,緯創資通,0.9,1127
2026-05-14,3036,文曄科技,1.09,693
2026-05-14,2330,台灣積體電路製造,7.96,607
2026-05-14,4915,致伸科技,0.22,547
2026-05-14,3711,日月光投資控股,1.7,536
2026-05-14,2548,華固建設,0.34,470
2026-05-14,2308,台達電子工業,5.72,459
2026-05-14,1477,聚陽實業,0.48,369
2026-05-14,2368,金像電子（股）公司,2.47,299
2026-05-14,3189,景碩科技,0.84,280
2026-05-14,8210,勤誠興業,2.26,268
2026-05-14,6584,南俊國際,1.0,260
2026-05-14,3044,健鼎科技,0.75,253
2026-05-14,3037,欣興電子,1.22,240
2026-05-14,2360,致茂電子,2.98,228
2026-05-14,2376,技嘉科技,0.43,225
2026-05-14,6831,邁科科技,0.93,224
2026-05-14,6274,台燿科技,1.86,222
2026-05-14,2345,智邦科技,3.22,208
2026-05-14,8996,高力熱處理工業,1.25,203
2026-05-14,2454,聯發科技,3.7,188
2026-05-14,3017,奇鋐科技,2.72,184
2026-05-14,3264,欣銓科技,0.21,158
2026-05-14,8299,群聯電子,2.5,150
2026-05-14,6805,富世達,1.52,148
2026-05-14,2383,台光電子材料,3.81,134
2026-05-14,3665,貿聯控股（BizLink Holding In,1.69,130
2026-05-14,3293,鈊象電子,0.54,129
2026-05-14,5904,寶雅國際,0.3,92
2026-05-14,7769,鴻勁精密,3.76,86
2026-05-14,6669,緯穎科技服務,2.61,83
2026-05-14,2059,川湖科技,2.37,82
2026-05-14,1519,華城電機,0.36,72
2026-05-14,6223,旺矽科技,2.58,71
2026-05-14,6442,光紅建聖,0.76,71
2026-05-14,3653,健策精密工業,1.28,66
2026-05-14,3081,聯亞光電工業,1.11,65
2026-05-14,3533,嘉澤端子工業,0.76,54
2026-05-14,5434,崇越科技,0.13,54
2026-05-14,3443,創意電子,1.47,50
2026-05-14,6515,穎崴科技,2.25,37
2026-05-14,5274,信驊科技,2.37,23
2026-05-15,2344,華邦電子,2.37,3152
2026-05-15,2891,中國信託金融控股,0.91,2849
2026-05-15,2317,鴻海精密工業,2.99,2076
2026-05-15,2884,玉山金融控股,0.37,1999
2026-05-15,2408,南亞科技,2.97,1646
2026-05-15,2382,廣達電腦,2.79,1574
2026-05-15,3231,緯創資通,0.96,1228
2026-05-15,3036,文曄科技,1.18,755
2026-05-15,2330,台灣積體電路製造,7.97,607
2026-05-15,4915,致伸科技,0.25,596
2026-05-15,3711,日月光投資控股,1.85,584
2026-05-15,2548,華固建設,0.38,512
2026-05-15,2308,台達電子工業,5.52,459
2026-05-15,1477,聚陽實業,0.51,402
2026-05-15,3189,景碩科技,0.86,305
2026-05-15,2368,金像電子（股）公司,2.24,299
2026-05-15,8210,勤誠興業,2.39,292
2026-05-15,6584,南俊國際,1.08,283
2026-05-15,3044,健鼎科技,0.76,276
2026-05-15,2360,致茂電子,3.22,248
2026-05-15,2376,技嘉科技,0.46,245
2026-05-15,3037,欣興電子,1.14,240
2026-05-15,2345,智邦科技,3.3,227
2026-05-15,6831,邁科科技,0.94,224
2026-05-15,6274,台燿科技,1.68,222
2026-05-15,8996,高力熱處理工業,1.33,221
2026-05-15,2454,聯發科技,3.55,188
2026-05-15,3017,奇鋐科技,2.62,184
2026-05-15,3264,欣銓科技,0.23,172
2026-05-15,6805,富世達,1.62,161
2026-05-15,8299,群聯電子,2.3,150
2026-05-15,3293,鈊象電子,0.59,141
2026-05-15,2383,台光電子材料,3.59,134
2026-05-15,3665,貿聯控股（BizLink Holding In,1.58,130
2026-05-15,5904,寶雅國際,0.32,100
2026-05-15,7769,鴻勁精密,3.44,86
2026-05-15,6669,緯穎科技服務,2.46,83
2026-05-15,2059,川湖科技,2.31,82
2026-05-15,1519,華城電機,0.37,78
2026-05-15,6223,旺矽科技,2.43,71
2026-05-15,3081,聯亞光電工業,1.09,71
2026-05-15,6442,光紅建聖,0.72,71
2026-05-15,3653,健策精密工業,1.33,66
2026-05-15,3533,嘉澤端子工業,0.8,59
2026-05-15,5434,崇越科技,0.14,59
2026-05-15,3443,創意電子,1.52,54
2026-05-15,6515,穎崴科技,2.1,37
2026-05-15,5274,信驊科技,2.49,25
2026-05-18,2344,華邦電子,2.34,3152
2026-05-18,2891,中國信託金融控股,0.89,2849
2026-05-18,2317,鴻海精密工業,2.94,2076
2026-05-18,2884,玉山金融控股,0.36,1999
2026-05-18,2408,南亞科技,2.86,1646
2026-05-18,2382,廣達電腦,2.69,1574
2026-05-18,3231,緯創資通,0.95,1228
2026-05-18,3036,文曄科技,1.13,755
2026-05-18,2330,台灣積體電路製造,7.75,607
2026-05-18,4915,致伸科技,0.24,596
2026-05-18,3711,日月光投資控股,1.7,584
2026-05-18,2548,華固建設,0.37,512
2026-05-18,2308,台達電子工業,5.29,459
2026-05-18,1477,聚陽實業,0.49,402
2026-05-18,3189,景碩科技,0.88,305
2026-05-18,2368,金像電子（股）公司,2.13,299
2026-05-18,8210,勤誠興業,2.3,292
2026-05-18,6584,南俊國際,1.03,283
2026-05-18,3044,健鼎科技,0.74,276
2026-05-18,2360,致茂電子,3.09,248
2026-05-18,2376,技嘉科技,0.46,245
2026-05-18,3037,欣興電子,1.12,240
2026-05-18,2345,智邦科技,3.23,227
2026-05-18,6831,邁科科技,0.93,224
2026-05-18,6274,台燿科技,1.59,222
2026-05-18,8996,高力熱處理工業,1.32,221
2026-05-18,2454,聯發科技,3.64,188
2026-05-18,3017,奇鋐科技,2.53,184
2026-05-18,3264,欣銓科技,0.23,172
2026-05-18,6805,富世達,1.59,161
2026-05-18,8299,群聯電子,2.34,150
2026-05-18,3293,鈊象電子,0.58,141
2026-05-18,2383,台光電子材料,3.47,134
2026-05-18,3665,貿聯控股（BizLink Holding In,1.5,130
2026-05-18,5904,寶雅國際,0.31,100
2026-05-18,7769,鴻勁精密,3.26,86
2026-05-18,6669,緯穎科技服務,2.41,83
2026-05-18,2059,川湖科技,2.23,82
2026-05-18,1519,華城電機,0.36,78
2026-05-18,6223,旺矽科技,2.48,71
2026-05-18,3081,聯亞光電工業,1.1,71
2026-05-18,6442,光紅建聖,0.73,71
2026-05-18,3653,健策精密工業,1.23,66
2026-05-18,3533,嘉澤端子工業,0.78,59
2026-05-18,5434,崇越科技,0.13,59
2026-05-18,3443,創意電子,1.46,54
2026-05-18,6515,穎崴科技,2.16,37
2026-05-18,5274,信驊科技,2.3,25
2026-05-19,2344,華邦電子,2.23,3152
2026-05-19,2891,中國信託金融控股,0.95,2849
2026-05-19,2317,鴻海精密工業,3.06,2076
2026-05-19,2884,玉山金融控股,0.38,1999
2026-05-19,2408,南亞科技,2.71,1646
2026-05-19,2382,廣達電腦,2.74,1574
2026-05-19,3231,緯創資通,0.98,1228
2026-05-19,3036,文曄科技,1.2,755
2026-05-19,2330,台灣積體電路製造,8.04,607
2026-05-19,4915,致伸科技,0.26,596
2026-05-19,3711,日月光投資控股,1.66,584
2026-05-19,2548,華固建設,0.38,512
2026-05-19,2308,台達電子工業,5.28,459
2026-05-19,1477,聚陽實業,0.51,402
2026-05-19,3189,景碩科技,0.94,305
2026-05-19,2368,金像電子（股）公司,2.31,299
2026-05-19,8210,勤誠興業,2.32,292
2026-05-19,6584,南俊國際,1.12,283
2026-05-19,3044,健鼎科技,0.77,276
2026-05-19,2360,致茂電子,3.06,248
2026-05-19,2376,技嘉科技,0.45,245
2026-05-19,3037,欣興電子,1.18,240
2026-05-19,2345,智邦科技,3.26,227
2026-05-19,6831,邁科科技,0.99,224
2026-05-19,6274,台燿科技,1.63,222
2026-05-19,8996,高力熱處理工業,1.38,221
2026-05-19,2454,聯發科技,3.56,188
2026-05-19,3017,奇鋐科技,2.64,184
2026-05-19,3264,欣銓科技,0.22,172
2026-05-19,6805,富世達,1.71,161
2026-05-19,8299,群聯電子,2.22,150
2026-05-19,3293,鈊象電子,0.62,141
2026-05-19,2383,台光電子材料,3.65,134
2026-05-19,3665,貿聯控股（BizLink Holding In,1.56,130
2026-05-19,5904,寶雅國際,0.33,100
2026-05-19,7769,鴻勁精密,3.41,86
2026-05-19,6669,緯穎科技服務,2.44,83
2026-05-19,2059,川湖科技,2.19,82
2026-05-19,1519,華城電機,0.37,78
2026-05-19,6223,旺矽科技,2.44,71
2026-05-19,3081,聯亞光電工業,1.06,71
2026-05-19,6442,光紅建聖,0.74,71
2026-05-19,3653,健策精密工業,1.23,66
2026-05-19,3533,嘉澤端子工業,0.82,59
2026-05-19,5434,崇越科技,0.14,59
2026-05-19,3443,創意電子,1.45,54
2026-05-19,6515,穎崴科技,2.11,37
2026-05-19,5274,信驊科技,2.39,25
2026-05-20,2884,玉山金融控股,0.74,3867
2026-05-20,2344,華邦電子,2.54,3621
2026-05-20,2891,中國信託金融控股,1.0,2849
2026-05-20,2408,南亞科技,2.74,1646
2026-05-20,2317,鴻海精密工業,2.19,1506
2026-05-20,3231,緯創資通,0.99,1228
2026-05-20,3036,文曄科技,1.81,1067
2026-05-20,2382,廣達電腦,1.58,899
2026-05-20,2330,台灣積體電路製造,8.55,645
2026-05-20,3711,日月光投資控股,1.69,584
2026-05-20,2376,技嘉科技,1.06,577
2026-05-20,3037,欣興電子,2.8,562
2026-05-20,2548,華固建設,0.38,512
2026-05-20,2308,台達電子工業,5.33,459
2026-05-20,2368,金像電子（股）公司,2.94,393
2026-05-20,3189,景碩科技,0.93,305
2026-05-20,4915,致伸科技,0.13,298
2026-05-20,3044,健鼎科技,0.77,276
2026-05-20,2360,致茂電子,3.11,248
2026-05-20,8210,勤誠興業,1.84,236
2026-05-20,2345,智邦科技,3.24,227
2026-05-20,6831,邁科科技,0.98,224
2026-05-20,6274,台燿科技,1.62,222
2026-05-20,8996,高力熱處理工業,1.33,221
2026-05-20,3293,鈊象電子,0.97,220
2026-05-20,1477,聚陽實業,0.26,201
2026-05-20,2454,聯發科技,3.68,188
2026-05-20,3017,奇鋐科技,2.61,184
2026-05-20,5904,寶雅國際,0.61,179
2026-05-20,3264,欣銓科技,0.22,172
2026-05-20,6805,富世達,1.68,161
2026-05-20,6584,南俊國際,0.58,153
2026-05-20,8299,群聯電子,2.06,150
2026-05-20,2383,台光電子材料,3.57,134
2026-05-20,3081,聯亞光電工業,1.99,127
2026-05-20,2059,川湖科技,2.24,82
2026-05-20,7769,鴻勁精密,3.13,74
2026-05-20,6223,旺矽科技,2.45,71
2026-05-20,6442,光紅建聖,0.76,71
2026-05-20,3443,創意電子,1.95,70
2026-05-20,6669,緯穎科技服務,2.02,68
2026-05-20,3665,貿聯控股（BizLink Holding In,0.64,53
2026-05-20,3653,健策精密工業,0.7,38
2026-05-20,6515,穎崴科技,2.04,37
2026-05-20,5274,信驊科技,2.36,25
2026-05-20,3533,嘉澤端子工業,0.19,13
2026-05-21,2884,玉山金融控股,0.7,3867
2026-05-21,2344,華邦電子,2.38,3621
2026-05-21,2891,中國信託金融控股,0.95,2849
2026-05-21,2408,南亞科技,2.79,1646
2026-05-21,2317,鴻海精密工業,2.15,1506
2026-05-21,3231,緯創資通,0.99,1228
2026-05-21,3036,文曄科技,1.8,1067
2026-05-21,2382,廣達電腦,1.6,899
2026-05-21,2330,台灣積體電路製造,8.31,645
2026-05-21,3711,日月光投資控股,1.72,584
2026-05-21,2376,技嘉科技,1.05,577
2026-05-21,3037,欣興電子,2.94,562
2026-05-21,2548,華固建設,0.37,512
2026-05-21,2308,台達電子工業,5.38,459
2026-05-21,2368,金像電子（股）公司,2.92,393
2026-05-21,3189,景碩科技,0.98,305
2026-05-21,4915,致伸科技,0.12,298
2026-05-21,3044,健鼎科技,0.78,276
2026-05-21,2360,致茂電子,3.25,248
2026-05-21,8210,勤誠興業,1.82,236
2026-05-21,2345,智邦科技,3.25,227
2026-05-21,6831,邁科科技,1.01,224
2026-05-21,6274,台燿科技,1.7,222
2026-05-21,8996,高力熱處理工業,1.36,221
2026-05-21,3293,鈊象電子,0.94,220
2026-05-21,1477,聚陽實業,0.25,201
2026-05-21,2454,聯發科技,3.86,188
2026-05-21,3017,奇鋐科技,2.65,184
2026-05-21,5904,寶雅國際,0.58,179
2026-05-21,3264,欣銓科技,0.22,172
2026-05-21,6805,富世達,1.68,161
2026-05-21,6584,南俊國際,0.6,153
2026-05-21,8299,群聯電子,2.02,150
2026-05-21,2383,台光電子材料,3.63,134
2026-05-21,3081,聯亞光電工業,1.87,127
2026-05-21,2059,川湖科技,2.32,82
2026-05-21,7769,鴻勁精密,3.28,74
2026-05-21,6223,旺矽科技,2.32,71
2026-05-21,6442,光紅建聖,0.73,71
2026-05-21,3443,創意電子,2.05,70
2026-05-21,6669,緯穎科技服務,2.1,68
2026-05-21,3665,貿聯控股（BizLink Holding In,0.66,53
2026-05-21,3653,健策精密工業,0.73,38
2026-05-21,6515,穎崴科技,2.03,37
2026-05-21,5274,信驊科技,2.37,25
2026-05-21,3533,嘉澤端子工業,0.19,13
2026-05-22,2884,玉山金融控股,0.68,3867
2026-05-22,2344,華邦電子,2.55,3621
2026-05-22,2891,中國信託金融控股,0.92,2849
2026-05-22,2408,南亞科技,2.88,1646
2026-05-22,2317,鴻海精密工業,2.12,1506
2026-05-22,3231,緯創資通,1.0,1228
2026-05-22,3036,文曄科技,1.74,1067
2026-05-22,2382,廣達電腦,1.6,899
2026-05-22,2330,台灣積體電路製造,8.19,645
2026-05-22,3711,日月光投資控股,1.85,584
2026-05-22,2376,技嘉科技,1.05,577
2026-05-22,3037,欣興電子,3.07,562
2026-05-22,2548,華固建設,0.36,512
2026-05-22,2308,台達電子工業,5.42,459
2026-05-22,2368,金像電子（股）公司,2.94,393
2026-05-22,3189,景碩科技,1.05,305
2026-05-22,4915,致伸科技,0.12,298
2026-05-22,3044,健鼎科技,0.76,276
2026-05-22,2360,致茂電子,3.17,248
2026-05-22,8210,勤誠興業,1.79,236
2026-05-22,2345,智邦科技,3.16,227
2026-05-22,6831,邁科科技,0.99,224
2026-05-22,6274,台燿科技,1.82,222
2026-05-22,8996,高力熱處理工業,1.46,221
2026-05-22,3293,鈊象電子,0.93,220
2026-05-22,1477,聚陽實業,0.25,201
2026-05-22,2454,聯發科技,4.09,188
2026-05-22,3017,奇鋐科技,2.64,184
2026-05-22,5904,寶雅國際,0.57,179
2026-05-22,3264,欣銓科技,0.21,172
2026-05-22,6805,富世達,1.63,161
2026-05-22,6584,南俊國際,0.59,153
2026-05-22,8299,群聯電子,2.05,150
2026-05-22,2383,台光電子材料,3.78,134
2026-05-22,3081,聯亞光電工業,1.94,127
2026-05-22,2059,川湖科技,2.35,82
2026-05-22,7769,鴻勁精密,3.22,74
2026-05-22,6223,旺矽科技,2.41,71
2026-05-22,6442,光紅建聖,0.75,71
2026-05-22,3443,創意電子,2.03,70
2026-05-22,6669,緯穎科技服務,2.12,68
2026-05-22,3665,貿聯控股（BizLink Holding In,0.67,53
2026-05-22,3653,健策精密工業,0.78,38
2026-05-22,6515,穎崴科技,1.81,37
2026-05-22,5274,信驊科技,2.5,25
2026-05-22,3533,嘉澤端子工業,0.19,13
2026-05-25,2884,玉山金融控股,0.65,3867
2026-05-25,2344,華邦電子,2.53,3621
2026-05-25,2891,中國信託金融控股,0.89,2849
2026-05-25,2408,南亞科技,2.65,1646
2026-05-25,2317,鴻海精密工業,2.14,1506
2026-05-25,3231,緯創資通,1.0,1228
2026-05-25,3036,文曄科技,1.75,1067
2026-05-25,2382,廣達電腦,1.55,899
2026-05-25,2330,台灣積體電路製造,8.11,645
2026-05-25,3711,日月光投資控股,1.96,584
2026-05-25,2376,技嘉科技,1.06,577
2026-05-25,3037,欣興電子,3.03,562
2026-05-25,2548,華固建設,0.34,512
2026-05-25,2308,台達電子工業,5.92,475
2026-05-25,2368,金像電子（股）公司,3.05,393
2026-05-25,3189,景碩科技,1.11,305
2026-05-25,4915,致伸科技,0.12,298
2026-05-25,3044,健鼎科技,0.74,276
2026-05-25,5904,寶雅國際,0.79,258
2026-05-25,2360,致茂電子,3.32,248
2026-05-25,8210,勤誠興業,1.84,236
2026-05-25,2345,智邦科技,3.14,227
2026-05-25,6831,邁科科技,0.97,224
2026-05-25,6274,台燿科技,1.93,222
2026-05-25,8996,高力熱處理工業,1.37,221
2026-05-25,3293,鈊象電子,0.89,220
2026-05-25,8299,群聯電子,2.77,205
2026-05-25,1477,聚陽實業,0.24,201
2026-05-25,2454,聯發科技,4.35,188
2026-05-25,3017,奇鋐科技,2.58,184
2026-05-25,3264,欣銓科技,0.21,172
2026-05-25,6805,富世達,1.53,161
2026-05-25,6584,南俊國際,0.57,153
2026-05-25,2383,台光電子材料,4.02,134
2026-05-25,3081,聯亞光電工業,2.02,127
2026-05-25,2059,川湖科技,2.22,82
2026-05-25,7769,鴻勁精密,3.08,74
2026-05-25,6223,旺矽科技,2.4,71
2026-05-25,6442,光紅建聖,0.8,71
2026-05-25,3443,創意電子,2.02,70
2026-05-25,6669,緯穎科技服務,2.08,68
2026-05-25,3665,貿聯控股（BizLink Holding In,0.69,53
2026-05-25,3653,健策精密工業,0.78,38
2026-05-25,6515,穎崴科技,1.78,37
2026-05-25,5274,信驊科技,2.41,25
2026-05-25,3533,嘉澤端子工業,0.18,13
2026-05-26,2884,玉山金融控股,0.65,3867
2026-05-26,2344,華邦電子,2.77,3621
2026-05-26,2891,中國信託金融控股,0.89,2849
2026-05-26,2408,南亞科技,2.71,1646
2026-05-26,2317,鴻海精密工業,2.12,1506
2026-05-26,3231,緯創資通,0.97,1228
2026-05-26,3036,文曄科技,1.7,1067
2026-05-26,2382,廣達電腦,1.55,899
2026-05-26,2330,台灣積體電路製造,7.96,645
2026-05-26,3711,日月光投資控股,1.94,584
2026-05-26,2376,技嘉科技,1.05,577
2026-05-26,3037,欣興電子,3.31,562
2026-05-26,2548,華固建設,0.34,512
2026-05-26,2308,台達電子工業,6.07,475
2026-05-26,2368,金像電子（股）公司,3.09,393
2026-05-26,3189,景碩科技,1.15,305
2026-05-26,4915,致伸科技,0.12,298
2026-05-26,3044,健鼎科技,0.76,276
2026-05-26,5904,寶雅國際,0.78,258
2026-05-26,2360,致茂電子,3.37,248
2026-05-26,8210,勤誠興業,1.85,236
2026-05-26,2345,智邦科技,3.23,227
2026-05-26,6831,邁科科技,1.0,224
2026-05-26,6274,台燿科技,1.91,222
2026-05-26,8996,高力熱處理工業,1.5,221
2026-05-26,3293,鈊象電子,0.88,220
2026-05-26,8299,群聯電子,2.79,205
2026-05-26,1477,聚陽實業,0.23,201
2026-05-26,2454,聯發科技,4.36,188
2026-05-26,3017,奇鋐科技,2.72,184
2026-05-26,3264,欣銓科技,0.22,172
2026-05-26,6805,富世達,1.56,161
2026-05-26,6584,南俊國際,0.57,153
2026-05-26,2383,台光電子材料,3.85,134
2026-05-26,3081,聯亞光電工業,2.18,127
2026-05-26,2059,川湖科技,2.24,82
2026-05-26,7769,鴻勁精密,3.18,74
2026-05-26,6223,旺矽科技,2.41,71
2026-05-26,6442,光紅建聖,0.87,71
2026-05-26,3443,創意電子,2.01,70
2026-05-26,6669,緯穎科技服務,1.95,68
2026-05-26,3665,貿聯控股（BizLink Holding In,0.66,53
2026-05-26,3653,健策精密工業,0.76,38
2026-05-26,6515,穎崴科技,1.79,37
2026-05-26,5274,信驊科技,2.34,25
2026-05-26,3533,嘉澤端子工業,0.19,13
2026-05-27,2884,玉山金融控股,0.65,3867
2026-05-27,2344,華邦電子,3.01,3621
2026-05-27,2891,中國信託金融控股,0.9,2849
2026-05-27,2408,南亞科技,2.76,1646
2026-05-27,2317,鴻海精密工業,2.13,1506
2026-05-27,3231,緯創資通,0.96,1228
2026-05-27,3036,文曄科技,1.69,1067
2026-05-27,2382,廣達電腦,1.5,899
2026-05-27,2330,台灣積體電路製造,7.96,645
2026-05-27,3711,日月光投資控股,2.01,584
2026-05-27,2376,技嘉科技,1.03,577
2026-05-27,3037,欣興電子,3.26,562
2026-05-27,2548,華固建設,0.33,512
2026-05-27,2308,台達電子工業,6.42,475
2026-05-27,2368,金像電子（股）公司,2.9,393
2026-05-27,5904,寶雅國際,0.93,312
2026-05-27,3189,景碩科技,1.15,305
2026-05-27,4915,致伸科技,0.12,298
2026-05-27,3044,健鼎科技,0.78,276
2026-05-27,6274,台燿科技,2.41,275
2026-05-27,2360,致茂電子,3.49,248
2026-05-27,8210,勤誠興業,1.77,236
2026-05-27,2345,智邦科技,3.19,227
2026-05-27,6831,邁科科技,0.99,224
2026-05-27,8996,高力熱處理工業,1.44,221
2026-05-27,3293,鈊象電子,0.89,220
2026-05-27,8299,群聯電子,2.73,205
2026-05-27,2454,聯發科技,4.68,188
2026-05-27,3017,奇鋐科技,2.67,184
2026-05-27,3264,欣銓科技,0.21,172
2026-05-27,6805,富世達,1.5,161
2026-05-27,6584,南俊國際,0.56,153
2026-05-27,2383,台光電子材料,3.81,134
2026-05-27,3081,聯亞光電工業,1.97,127
2026-05-27,2059,川湖科技,2.16,82
2026-05-27,7769,鴻勁精密,3.1,74
2026-05-27,6223,旺矽科技,2.43,71
2026-05-27,6442,光紅建聖,0.78,71
2026-05-27,3443,創意電子,1.92,70
2026-05-27,6669,緯穎科技服務,1.85,68
2026-05-27,3665,貿聯控股（BizLink Holding In,0.61,53
2026-05-27,3653,健策精密工業,0.75,38
2026-05-27,6515,穎崴科技,1.94,37
2026-05-27,5274,信驊科技,2.45,25
2026-05-27,3533,嘉澤端子工業,0.18,13
2026-05-28,2884,玉山金融控股,0.66,3867
2026-05-28,2344,華邦電子,2.89,3621
2026-05-28,2891,中國信託金融控股,0.94,2849
2026-05-28,2408,南亞科技,2.96,1646
2026-05-28,2317,鴻海精密工業,2.2,1506
2026-05-28,3231,緯創資通,0.98,1228
2026-05-28,3036,文曄科技,1.71,1067
2026-05-28,2382,廣達電腦,1.54,899
2026-05-28,2330,台灣積體電路製造,8.21,645
2026-05-28,3711,日月光投資控股,2.03,584
2026-05-28,2376,技嘉科技,1.08,577
2026-05-28,3037,欣興電子,3.2,562
2026-05-28,2548,華固建設,0.34,512
2026-05-28,2308,台達電子工業,6.3,475
2026-05-28,2368,金像電子（股）公司,2.85,393
2026-05-28,5904,寶雅國際,0.97,312
2026-05-28,3189,景碩科技,1.15,305
2026-05-28,4915,致伸科技,0.12,298
2026-05-28,3044,健鼎科技,0.76,276
2026-05-28,6274,台燿科技,2.35,275
2026-05-28,2360,致茂電子,3.54,248
2026-05-28,8210,勤誠興業,1.74,236
2026-05-28,2345,智邦科技,3.07,227
2026-05-28,6831,邁科科技,0.98,224
2026-05-28,8996,高力熱處理工業,1.34,221
2026-05-28,3293,鈊象電子,0.91,220
2026-05-28,8299,群聯電子,2.79,205
2026-05-28,2454,聯發科技,4.6,188
2026-05-28,3017,奇鋐科技,2.63,184
2026-05-28,3264,欣銓科技,0.22,172
2026-05-28,6805,富世達,1.58,161
2026-05-28,6584,南俊國際,0.59,153
2026-05-28,2383,台光電子材料,3.76,134
2026-05-28,3081,聯亞光電工業,1.87,127
2026-05-28,2059,川湖科技,2.14,82
2026-05-28,7769,鴻勁精密,3.16,74
2026-05-28,6223,旺矽科技,2.33,71
2026-05-28,6442,光紅建聖,0.75,71
2026-05-28,3443,創意電子,1.78,70
2026-05-28,6669,緯穎科技服務,1.87,68
2026-05-28,3665,貿聯控股（BizLink Holding In,0.63,53
2026-05-28,3653,健策精密工業,0.74,38
2026-05-28,6515,穎崴科技,1.87,37
2026-05-28,5274,信驊科技,2.47,25
2026-05-28,3533,嘉澤端子工業,0.18,13
2026-05-29,2884,玉山金融控股,0.65,3867
2026-05-29,2344,華邦電子,3.09,3621
2026-05-29,2891,中國信託金融控股,0.93,2849
2026-05-29,2408,南亞科技,3.08,1646
2026-05-29,2317,鴻海精密工業,2.35,1506
2026-05-29,3231,緯創資通,1.05,1228
2026-05-29,3036,文曄科技,1.66,1067
2026-05-29,2382,廣達電腦,1.64,899
2026-05-29,2330,台灣積體電路製造,8.19,645
2026-05-29,3711,日月光投資控股,1.92,584
2026-05-29,2376,技嘉科技,1.15,577
2026-05-29,3037,欣興電子,3.2,562
2026-05-29,2548,華固建設,0.33,512
2026-05-29,2308,台達電子工業,6.26,475
2026-05-29,2368,金像電子（股）公司,2.8,393
2026-05-29,5904,寶雅國際,0.97,312
2026-05-29,3189,景碩科技,1.2,305
2026-05-29,4915,致伸科技,0.12,298
2026-05-29,3044,健鼎科技,0.78,276
2026-05-29,6274,台燿科技,2.51,275
2026-05-29,2360,致茂電子,3.37,248
2026-05-29,8210,勤誠興業,1.74,236
2026-05-29,2345,智邦科技,2.98,227
2026-05-29,6831,邁科科技,0.9,224
2026-05-29,8996,高力熱處理工業,1.3,221
2026-05-29,3293,鈊象電子,0.89,220
2026-05-29,8299,群聯電子,2.85,205
2026-05-29,2454,聯發科技,4.37,188
2026-05-29,3017,奇鋐科技,2.64,184
2026-05-29,3264,欣銓科技,0.23,172
2026-05-29,6805,富世達,1.68,161
2026-05-29,6584,南俊國際,0.61,153
2026-05-29,2383,台光電子材料,3.7,134
2026-05-29,3081,聯亞光電工業,1.79,127
2026-05-29,2059,川湖科技,2.24,82
2026-05-29,7769,鴻勁精密,3.3,74
2026-05-29,6223,旺矽科技,2.28,71
2026-05-29,6442,光紅建聖,0.71,71
2026-05-29,3443,創意電子,1.76,70
2026-05-29,6669,緯穎科技服務,2.0,68
2026-05-29,3665,貿聯控股（BizLink Holding In,0.6,53
2026-05-29,3653,健策精密工業,0.73,38
2026-05-29,6515,穎崴科技,1.73,37
2026-05-29,5274,信驊科技,2.56,25
2026-05-29,3533,嘉澤端子工業,0.19,13
2026-06-01,2884,玉山金融控股,0.65,3867
2026-06-01,2344,華邦電子,3.23,3621
2026-06-01,2891,中國信託金融控股,0.94,2849
2026-06-01,2408,南亞科技,3.33,1646
2026-06-01,2317,鴻海精密工業,2.35,1506
2026-06-01,3231,緯創資通,1.13,1228
2026-06-01,3036,文曄科技,1.63,1067
2026-06-01,2382,廣達電腦,1.78,899
2026-06-01,2330,台灣積體電路製造,8.06,645
2026-06-01,3711,日月光投資控股,1.86,584
2026-06-01,2376,技嘉科技,1.19,577
2026-06-01,3037,欣興電子,3.13,562
2026-06-01,2548,華固建設,0.33,512
2026-06-01,2308,台達電子工業,6.1,475
2026-06-01,2368,金像電子（股）公司,2.76,393
2026-06-01,5904,寶雅國際,0.94,312
2026-06-01,3189,景碩科技,1.25,305
2026-06-01,4915,致伸科技,0.12,298
2026-06-01,3044,健鼎科技,0.76,276
2026-06-01,6274,台燿科技,2.49,275
2026-06-01,2360,致茂電子,3.4,248
2026-06-01,8210,勤誠興業,1.75,236
2026-06-01,2345,智邦科技,3.02,227
2026-06-01,6831,邁科科技,0.91,224
2026-06-01,8996,高力熱處理工業,1.23,221
2026-06-01,3293,鈊象電子,0.9,220
2026-06-01,8299,群聯電子,3.01,205
2026-06-01,2454,聯發科技,4.55,188
2026-06-01,3017,奇鋐科技,2.72,184
2026-06-01,3264,欣銓科技,0.2,172
2026-06-01,6805,富世達,1.81,161
2026-06-01,6584,南俊國際,0.59,153
2026-06-01,2383,台光電子材料,3.61,134
2026-06-01,3081,聯亞光電工業,1.81,127
2026-06-01,2059,川湖科技,2.27,82
2026-06-01,7769,鴻勁精密,2.95,74
2026-06-01,6223,旺矽科技,2.14,71
2026-06-01,6442,光紅建聖,0.71,71
2026-06-01,3443,創意電子,1.73,70
2026-06-01,6669,緯穎科技服務,1.99,68
2026-06-01,3665,貿聯控股（BizLink Holding In,0.6,53
2026-06-01,3653,健策精密工業,0.77,38
2026-06-01,6515,穎崴科技,1.71,37
2026-06-01,5274,信驊科技,2.46,25
2026-06-01,3533,嘉澤端子工業,0.18,13
2026-06-02,2884,玉山金融控股,0.67,3867
2026-06-02,2344,華邦電子,3.59,3621
2026-06-02,2891,中國信託金融控股,0.98,2849
2026-06-02,2408,南亞科技,3.71,1646
2026-06-02,2317,鴻海精密工業,2.44,1506
2026-06-02,3231,緯創資通,1.26,1228
2026-06-02,3036,文曄科技,1.67,1067
2026-06-02,2382,廣達電腦,1.94,899
2026-06-02,2330,台灣積體電路製造,8.26,645
2026-06-02,3711,日月光投資控股,1.85,584
2026-06-02,2376,技嘉科技,1.21,577
2026-06-02,3037,欣興電子,2.95,562
2026-06-02,2548,華固建設,0.29,512
2026-06-02,2308,台達電子工業,6.03,475
2026-06-02,2368,金像電子（股）公司,2.69,393
2026-06-02,5904,寶雅國際,0.95,312
2026-06-02,3189,景碩科技,1.22,305
2026-06-02,4915,致伸科技,0.12,298
2026-06-02,3044,健鼎科技,0.75,276
2026-06-02,6274,台燿科技,2.35,275
2026-06-02,2360,致茂電子,3.23,248
2026-06-02,8210,勤誠興業,1.75,236
2026-06-02,2345,智邦科技,2.96,227
2026-06-02,6831,邁科科技,0.83,224
2026-06-02,8996,高力熱處理工業,1.25,221
2026-06-02,3293,鈊象電子,0.95,220
2026-06-02,8299,群聯電子,3.11,205
2026-06-02,2454,聯發科技,4.58,188
2026-06-02,3017,奇鋐科技,2.67,184
2026-06-02,3264,欣銓科技,0.2,172
2026-06-02,6805,富世達,1.9,161
2026-06-02,6584,南俊國際,0.54,153
2026-06-02,2383,台光電子材料,3.5,134
2026-06-02,3081,聯亞光電工業,1.76,127
2026-06-02,2059,川湖科技,2.24,82
2026-06-02,7769,鴻勁精密,2.86,74
2026-06-02,6223,旺矽科技,2.11,71
2026-06-02,6442,光紅建聖,0.72,71
2026-06-02,3443,創意電子,1.71,70
2026-06-02,6669,緯穎科技服務,2.0,68
2026-06-02,3665,貿聯控股（BizLink Holding In,0.63,53
2026-06-02,3653,健策精密工業,0.82,38
2026-06-02,6515,穎崴科技,1.61,37
2026-06-02,5274,信驊科技,2.43,25
2026-06-02,3533,嘉澤端子工業,0.18,13
2026-06-03,2884,玉山金融控股,0.68,3867
2026-06-03,2891,中國信託金融控股,1.07,2849
2026-06-03,2344,華邦電子,1.74,1839
2026-06-03,2317,鴻海精密工業,2.12,1286
2026-06-03,3231,緯創資通,1.27,1228
2026-06-03,3036,文曄科技,1.66,1067
2026-06-03,2408,南亞科技,1.89,885
2026-06-03,2330,台灣積體電路製造,9.1,704
2026-06-03,3711,日月光投資控股,1.92,584
2026-06-03,3037,欣興電子,3.0,562
2026-06-03,2382,廣達電腦,1.18,530
2026-06-03,2308,台達電子工業,6.22,475
2026-06-03,2376,技嘉科技,0.9,424
2026-06-03,2368,金像電子（股）公司,2.9,393
2026-06-03,5904,寶雅國際,0.95,312
2026-06-03,3189,景碩科技,1.2,305
2026-06-03,3044,健鼎科技,0.75,276
2026-06-03,6831,邁科科技,0.87,224
2026-06-03,8996,高力熱處理工業,1.29,221
2026-06-03,8046,南亞電路板,1.06,219
2026-06-03,6274,台燿科技,1.88,208
2026-06-03,2360,致茂電子,2.77,204
2026-06-03,2345,智邦科技,2.67,194
2026-06-03,2454,聯發科技,4.55,188
2026-06-03,8210,勤誠興業,1.36,175
2026-06-03,3264,欣銓科技,0.21,172
2026-06-03,2383,台光電子材料,3.45,134
2026-06-03,8299,群聯電子,1.92,134
2026-06-03,3017,奇鋐科技,1.99,131
2026-06-03,3081,聯亞光電工業,1.92,127
2026-06-03,3293,鈊象電子,0.52,124
2026-06-03,2059,川湖科技,3.14,110
2026-06-03,7769,鴻勁精密,3.73,93
2026-06-03,6805,富世達,1.02,92
2026-06-03,6223,旺矽科技,2.64,84
2026-06-03,6442,光紅建聖,0.78,71
2026-06-03,3443,創意電子,1.72,70
2026-06-03,3529,力旺電子,1.14,60
2026-06-03,3653,健策精密工業,1.19,57
2026-06-03,3665,貿聯控股（BizLink Holding In,0.66,53
2026-06-03,6669,緯穎科技服務,1.55,52
2026-06-03,6515,穎崴科技,1.62,37
2026-06-03,5274,信驊科技,2.11,22
2026-06-03,3533,嘉澤端子工業,0.18,13
2026-06-04,2884,玉山金融控股,0.7,3867
2026-06-04,2891,中國信託金融控股,1.05,2849
2026-06-04,2344,華邦電子,1.79,1839
2026-06-04,2317,鴻海精密工業,2.04,1286
2026-06-04,3231,緯創資通,1.17,1228
2026-06-04,3036,文曄科技,1.63,1067
2026-06-04,2408,南亞科技,1.89,885
2026-06-04,2330,台灣積體電路製造,9.1,704
2026-06-04,3711,日月光投資控股,1.88,584
2026-06-04,3037,欣興電子,2.96,562
2026-06-04,2382,廣達電腦,1.16,530
2026-06-04,2308,台達電子工業,6.24,475
2026-06-04,2376,技嘉科技,0.86,424
2026-06-04,2368,金像電子（股）公司,2.87,393
2026-06-04,5904,寶雅國際,0.99,312
2026-06-04,3189,景碩科技,1.14,305
2026-06-04,3044,健鼎科技,0.77,276
2026-06-04,6831,邁科科技,0.88,224
2026-06-04,8996,高力熱處理工業,1.34,221
2026-06-04,8046,南亞電路板,1.04,219
2026-06-04,6274,台燿科技,1.91,208
2026-06-04,2360,致茂電子,2.9,204
2026-06-04,2345,智邦科技,2.64,194
2026-06-04,2454,聯發科技,4.51,188
2026-06-04,8210,勤誠興業,1.35,175
2026-06-04,3264,欣銓科技,0.22,172
2026-06-04,2383,台光電子材料,3.51,134
2026-06-04,8299,群聯電子,1.87,134
2026-06-04,3017,奇鋐科技,1.92,131
2026-06-04,3081,聯亞光電工業,1.78,127
2026-06-04,3293,鈊象電子,0.54,124
2026-06-04,2059,川湖科技,3.19,110
2026-06-04,7769,鴻勁精密,3.72,93
2026-06-04,6805,富世達,0.99,92
2026-06-04,6223,旺矽科技,2.76,84
2026-06-04,6442,光紅建聖,0.83,71
2026-06-04,3443,創意電子,1.67,70
2026-06-04,3529,力旺電子,1.15,60
2026-06-04,3653,健策精密工業,1.15,57
2026-06-04,3665,貿聯控股（BizLink Holding In,0.62,53
2026-06-04,6669,緯穎科技服務,1.57,52
2026-06-04,6515,穎崴科技,1.73,37
2026-06-04,5274,信驊科技,2.18,22
2026-06-04,3533,嘉澤端子工業,0.17,13
2026-06-05,2884,玉山金融控股,0.71,3867
2026-06-05,2891,中國信託金融控股,1.05,2849
2026-06-05,2344,華邦電子,1.65,1839
2026-06-05,2317,鴻海精密工業,2.02,1286
2026-06-05,3231,緯創資通,1.16,1228
2026-06-05,3036,文曄科技,1.66,1067
2026-06-05,2408,南亞科技,1.76,885
2026-06-05,2330,台灣積體電路製造,9.21,704
2026-06-05,3711,日月光投資控股,1.86,584
2026-06-05,3037,欣興電子,2.9,562
2026-06-05,2382,廣達電腦,1.14,530
2026-06-05,2308,台達電子工業,6.04,475
2026-06-05,2376,技嘉科技,0.87,424
2026-06-05,2368,金像電子（股）公司,2.86,393
2026-06-05,5904,寶雅國際,1.0,312
2026-06-05,3189,景碩科技,1.2,305
2026-06-05,3044,健鼎科技,0.76,276
2026-06-05,6831,邁科科技,0.92,224
2026-06-05,8996,高力熱處理工業,1.38,221
2026-06-05,8046,南亞電路板,1.02,219
2026-06-05,6274,台燿科技,1.85,208
2026-06-05,2360,致茂電子,2.89,204
2026-06-05,2345,智邦科技,2.67,194
2026-06-05,2454,聯發科技,4.47,188
2026-06-05,8210,勤誠興業,1.33,175
2026-06-05,3264,欣銓科技,0.22,172
2026-06-05,2383,台光電子材料,3.62,134
2026-06-05,8299,群聯電子,1.82,134
2026-06-05,3017,奇鋐科技,1.88,131
2026-06-05,3081,聯亞光電工業,1.87,127
2026-06-05,3293,鈊象電子,0.54,124
2026-06-05,2059,川湖科技,3.42,110
2026-06-05,7769,鴻勁精密,3.74,93
2026-06-05,6805,富世達,0.99,92
2026-06-05,6223,旺矽科技,2.68,84
2026-06-05,6442,光紅建聖,0.81,71
2026-06-05,3443,創意電子,1.71,70
2026-06-05,3529,力旺電子,1.14,60
2026-06-05,3653,健策精密工業,1.14,57
2026-06-05,3665,貿聯控股（BizLink Holding In,0.65,53
2026-06-05,6669,緯穎科技服務,1.63,52
2026-06-05,6515,穎崴科技,1.72,37
2026-06-05,5274,信驊科技,2.13,22
2026-06-05,3533,嘉澤端子工業,0.17,13
2026-06-08,2884,玉山金融控股,0.72,3867
2026-06-08,2891,中國信託金融控股,1.06,2849
2026-06-08,2344,華邦電子,1.61,1839
2026-06-08,2317,鴻海精密工業,1.97,1286
2026-06-08,3231,緯創資通,1.14,1228
2026-06-08,3036,文曄科技,1.52,1067
2026-06-08,2408,南亞科技,1.71,885
2026-06-08,2330,台灣積體電路製造,9.2,704
2026-06-08,3711,日月光投資控股,1.8,584
2026-06-08,3037,欣興電子,2.91,562
2026-06-08,2382,廣達電腦,1.14,530
2026-06-08,2308,台達電子工業,6.1,475
2026-06-08,2376,技嘉科技,0.83,424
2026-06-08,2368,金像電子（股）公司,3.04,393
2026-06-08,5904,寶雅國際,1.04,312
2026-06-08,3189,景碩科技,1.21,305
2026-06-08,3044,健鼎科技,0.75,276
2026-06-08,6831,邁科科技,0.91,224
2026-06-08,8996,高力熱處理工業,1.52,221
2026-06-08,8046,南亞電路板,1.04,219
2026-06-08,6274,台燿科技,1.82,208
2026-06-08,2360,致茂電子,2.84,204
2026-06-08,2345,智邦科技,2.67,194
2026-06-08,2454,聯發科技,4.36,188
2026-06-08,8210,勤誠興業,1.37,175
2026-06-08,3264,欣銓科技,0.21,172
2026-06-08,2383,台光電子材料,3.64,134
2026-06-08,8299,群聯電子,1.72,134
2026-06-08,3017,奇鋐科技,1.92,131
2026-06-08,3081,聯亞光電工業,1.8,127
2026-06-08,3293,鈊象電子,0.55,124
2026-06-08,2059,川湖科技,3.87,110
2026-06-08,7769,鴻勁精密,3.72,93
2026-06-08,6805,富世達,0.99,92
2026-06-08,6223,旺矽科技,2.64,84
2026-06-08,6442,光紅建聖,0.8,71
2026-06-08,3443,創意電子,1.7,70
2026-06-08,3529,力旺電子,1.09,60
2026-06-08,3653,健策精密工業,1.24,57
2026-06-08,3665,貿聯控股（BizLink Holding In,0.64,53
2026-06-08,6669,緯穎科技服務,1.56,52
2026-06-08,6515,穎崴科技,1.76,37
2026-06-08,5274,信驊科技,2.19,22
2026-06-08,3533,嘉澤端子工業,0.17,13
2026-06-09,2884,玉山金融控股,0.73,3867
2026-06-09,2891,中國信託金融控股,1.09,2849
2026-06-09,2344,華邦電子,1.59,1839
2026-06-09,2317,鴻海精密工業,1.97,1286
2026-06-09,3231,緯創資通,1.12,1228
2026-06-09,3036,文曄科技,1.47,1067
2026-06-09,2408,南亞科技,1.77,885
2026-06-09,2330,台灣積體電路製造,8.95,704
2026-06-09,3711,日月光投資控股,1.83,584
2026-06-09,3037,欣興電子,3.0,562
2026-06-09,2382,廣達電腦,1.1,530
2026-06-09,2308,台達電子工業,6.32,475
2026-06-09,2376,技嘉科技,0.84,424
2026-06-09,2368,金像電子（股）公司,3.24,393
2026-06-09,5904,寶雅國際,1.07,312
2026-06-09,3189,景碩科技,1.2,305
2026-06-09,3044,健鼎科技,0.76,276
2026-06-09,6831,邁科科技,0.96,224
2026-06-09,8996,高力熱處理工業,1.62,221
2026-06-09,8046,南亞電路板,1.1,219
2026-06-09,6274,台燿科技,1.85,208
2026-06-09,2360,致茂電子,2.69,204
2026-06-09,2345,智邦科技,2.65,194
2026-06-09,2454,聯發科技,4.64,188
2026-06-09,8210,勤誠興業,1.46,175
2026-06-09,3264,欣銓科技,0.21,172
2026-06-09,2383,台光電子材料,3.74,134
2026-06-09,8299,群聯電子,1.74,134
2026-06-09,3017,奇鋐科技,1.84,131
2026-06-09,3081,聯亞光電工業,1.74,127
2026-06-09,3293,鈊象電子,0.55,124
2026-06-09,2059,川湖科技,4.12,110
2026-06-09,7769,鴻勁精密,3.56,93
2026-06-09,6805,富世達,0.99,92
2026-06-09,6223,旺矽科技,2.73,84
2026-06-09,6442,光紅建聖,0.82,71
2026-06-09,3443,創意電子,1.66,70
2026-06-09,3529,力旺電子,1.04,60
2026-06-09,3653,健策精密工業,1.24,57
2026-06-09,3665,貿聯控股（BizLink Holding In,0.63,53
2026-06-09,6669,緯穎科技服務,1.52,52
2026-06-09,6515,穎崴科技,1.76,37
2026-06-09,5274,信驊科技,2.17,22
2026-06-09,3533,嘉澤端子工業,0.17,13
2026-06-10,2884,玉山金融控股,0.76,3867
2026-06-10,2891,中國信託金融控股,1.13,2849
2026-06-10,2344,華邦電子,1.6,1839
2026-06-10,2317,鴻海精密工業,1.97,1286
2026-06-10,3231,緯創資通,1.13,1228
2026-06-10,3036,文曄科技,1.49,1067
2026-06-10,2408,南亞科技,1.72,885
2026-06-10,2330,台灣積體電路製造,9.26,704
2026-06-10,3711,日月光投資控股,1.84,584
2026-06-10,3037,欣興電子,2.9,562
2026-06-10,2382,廣達電腦,1.18,530
2026-06-10,2308,台達電子工業,6.1,475
2026-06-10,2376,技嘉科技,0.85,424
2026-06-10,2368,金像電子（股）公司,3.25,393
2026-06-10,5904,寶雅國際,1.1,312
2026-06-10,3189,景碩科技,1.17,305
2026-06-10,3044,健鼎科技,0.77,276
2026-06-10,6831,邁科科技,0.96,224
2026-06-10,8996,高力熱處理工業,1.57,221
2026-06-10,8046,南亞電路板,1.08,219
2026-06-10,6274,台燿科技,1.82,208
2026-06-10,2360,致茂電子,2.63,204
2026-06-10,2345,智邦科技,2.68,194
2026-06-10,2454,聯發科技,4.56,188
2026-06-10,8210,勤誠興業,1.47,175
2026-06-10,3264,欣銓科技,0.21,172
2026-06-10,2383,台光電子材料,3.86,134
2026-06-10,8299,群聯電子,1.68,134
2026-06-10,3017,奇鋐科技,1.8,131
2026-06-10,3081,聯亞光電工業,1.66,127
2026-06-10,3293,鈊象電子,0.58,124
2026-06-10,2059,川湖科技,4.09,110
2026-06-10,7769,鴻勁精密,3.71,93
2026-06-10,6805,富世達,0.94,92
2026-06-10,6223,旺矽科技,2.83,84
2026-06-10,6442,光紅建聖,0.78,71
2026-06-10,3443,創意電子,1.64,70
2026-06-10,3529,力旺電子,1.04,60
2026-06-10,3653,健策精密工業,1.26,57
2026-06-10,3665,貿聯控股（BizLink Holding In,0.67,53
2026-06-10,6669,緯穎科技服務,1.54,52
2026-06-10,6515,穎崴科技,1.75,37
2026-06-10,5274,信驊科技,2.16,22
2026-06-10,3533,嘉澤端子工業,0.16,13
2026-06-11,2884,玉山金融控股,0.77,3867
2026-06-11,2891,中國信託金融控股,1.13,2849
2026-06-11,2344,華邦電子,1.69,1839
2026-06-11,2317,鴻海精密工業,1.95,1286
2026-06-11,3231,緯創資通,1.1,1228
2026-06-11,3036,文曄科技,1.45,1067
2026-06-11,2408,南亞科技,1.76,885
2026-06-11,2330,台灣積體電路製造,9.27,704
2026-06-11,3711,日月光投資控股,1.86,584
2026-06-11,3037,欣興電子,2.81,562
2026-06-11,2382,廣達電腦,1.15,530
2026-06-11,2308,台達電子工業,6.01,475
2026-06-11,2376,技嘉科技,0.84,424
2026-06-11,2368,金像電子（股）公司,3.1,393
2026-06-11,5904,寶雅國際,1.14,312
2026-06-11,3189,景碩科技,1.11,305
2026-06-11,3044,健鼎科技,0.78,276
2026-06-11,6831,邁科科技,0.94,224
2026-06-11,8996,高力熱處理工業,1.48,221
2026-06-11,8046,南亞電路板,1.03,219
2026-06-11,6274,台燿科技,1.8,208
2026-06-11,2360,致茂電子,2.62,204
2026-06-11,2345,智邦科技,2.58,194
2026-06-11,2454,聯發科技,4.5,188
2026-06-11,8210,勤誠興業,1.48,175
2026-06-11,3264,欣銓科技,0.22,172
2026-06-11,2383,台光電子材料,4.0,134
2026-06-11,8299,群聯電子,1.73,134
2026-06-11,3017,奇鋐科技,1.79,131
2026-06-11,3081,聯亞光電工業,1.61,127
2026-06-11,3293,鈊象電子,0.55,124
2026-06-11,2059,川湖科技,4.12,110
2026-06-11,7769,鴻勁精密,3.84,93
2026-06-11,6805,富世達,0.94,92
2026-06-11,6223,旺矽科技,3.0,84
2026-06-11,6442,光紅建聖,0.76,71
2026-06-11,3443,創意電子,1.68,70
2026-06-11,3529,力旺電子,1.06,60
2026-06-11,3653,健策精密工業,1.21,57
2026-06-11,3665,貿聯控股（BizLink Holding In,0.67,53
2026-06-11,6669,緯穎科技服務,1.49,52
2026-06-11,6515,穎崴科技,1.89,37
2026-06-11,5274,信驊科技,2.27,22
2026-06-11,3533,嘉澤端子工業,0.16,13
2026-06-12,2884,玉山金融控股,0.76,3867
2026-06-12,2891,中國信託金融控股,1.1,2849
2026-06-12,2344,華邦電子,1.8,1839
2026-06-12,2317,鴻海精密工業,1.91,1286
2026-06-12,3231,緯創資通,1.09,1228
2026-06-12,3036,文曄科技,1.39,1067
2026-06-12,2408,南亞科技,1.89,885
2026-06-12,2330,台灣積體電路製造,9.28,704
2026-06-12,3711,日月光投資控股,1.97,584
2026-06-12,3037,欣興電子,2.89,562
2026-06-12,2382,廣達電腦,1.12,530
2026-06-12,2308,台達電子工業,6.0,475
2026-06-12,2376,技嘉科技,0.83,424
2026-06-12,2368,金像電子（股）公司,2.96,393
2026-06-12,5904,寶雅國際,1.15,312
2026-06-12,3189,景碩科技,1.06,305
2026-06-12,3044,健鼎科技,0.78,276
2026-06-12,6831,邁科科技,0.93,224
2026-06-12,8996,高力熱處理工業,1.44,221
2026-06-12,8046,南亞電路板,1.02,219
2026-06-12,6274,台燿科技,1.7,208
2026-06-12,2360,致茂電子,2.67,204
2026-06-12,2345,智邦科技,2.58,194
2026-06-12,2454,聯發科技,4.48,188
2026-06-12,8210,勤誠興業,1.47,175
2026-06-12,3264,欣銓科技,0.22,172
2026-06-12,2383,台光電子材料,3.69,134
2026-06-12,8299,群聯電子,1.77,134
2026-06-12,3017,奇鋐科技,1.8,131
2026-06-12,3081,聯亞光電工業,1.59,127
2026-06-12,3293,鈊象電子,0.53,124
2026-06-12,2059,川湖科技,4.34,110
2026-06-12,7769,鴻勁精密,3.82,93
2026-06-12,6805,富世達,0.96,92
2026-06-12,6223,旺矽科技,3.11,84
2026-06-12,6442,光紅建聖,0.75,71
2026-06-12,3443,創意電子,1.75,70
2026-06-12,3529,力旺電子,1.06,60
2026-06-12,3653,健策精密工業,1.2,57
2026-06-12,3665,貿聯控股（BizLink Holding In,0.7,53
2026-06-12,6669,緯穎科技服務,1.44,52
2026-06-12,6515,穎崴科技,2.02,37
2026-06-12,5274,信驊科技,2.31,22
2026-06-12,3533,嘉澤端子工業,0.17,13
2026-06-15,2884,玉山金融控股,0.75,3867
2026-06-15,2891,中國信託金融控股,1.11,2849
2026-06-15,2344,華邦電子,1.94,1839
2026-06-15,2317,鴻海精密工業,1.92,1286
2026-06-15,3231,緯創資通,1.11,1228
2026-06-15,3036,文曄科技,1.34,1067
2026-06-15,2408,南亞科技,1.95,885
2026-06-15,2330,台灣積體電路製造,9.32,704
2026-06-15,3711,日月光投資控股,1.92,584
2026-06-15,3037,欣興電子,3.01,562
2026-06-15,2382,廣達電腦,1.09,530
2026-06-15,2308,台達電子工業,5.85,475
2026-06-15,2376,技嘉科技,0.83,424
2026-06-15,2368,金像電子（股）公司,2.89,393
2026-06-15,5904,寶雅國際,1.11,312
2026-06-15,3189,景碩科技,1.12,305
2026-06-15,3044,健鼎科技,0.8,276
2026-06-15,6831,邁科科技,0.93,224
2026-06-15,8996,高力熱處理工業,1.55,221
2026-06-15,8046,南亞電路板,1.05,219
2026-06-15,6274,台燿科技,1.82,208
2026-06-15,2360,致茂電子,2.57,204
2026-06-15,2345,智邦科技,2.63,194
2026-06-15,2454,聯發科技,4.68,188
2026-06-15,8210,勤誠興業,1.39,175
2026-06-15,3264,欣銓科技,0.22,172
2026-06-15,2383,台光電子材料,3.76,134
2026-06-15,8299,群聯電子,1.73,134
2026-06-15,3017,奇鋐科技,1.76,131
2026-06-15,3081,聯亞光電工業,1.65,127
2026-06-15,3293,鈊象電子,0.52,124
2026-06-15,2059,川湖科技,4.27,110
2026-06-15,7769,鴻勁精密,3.73,93
2026-06-15,6805,富世達,0.89,92
2026-06-15,6223,旺矽科技,3.01,84
2026-06-15,6442,光紅建聖,0.76,71
2026-06-15,3443,創意電子,1.88,70
2026-06-15,3529,力旺電子,1.07,60
2026-06-15,3653,健策精密工業,1.22,57
2026-06-15,3665,貿聯控股（BizLink Holding In,0.67,53
2026-06-15,6669,緯穎科技服務,1.42,52
2026-06-15,6515,穎崴科技,2.05,37
2026-06-15,5274,信驊科技,2.18,22
2026-06-15,3533,嘉澤端子工業,0.17,13
2026-06-16,2884,玉山金融控股,0.75,3867
2026-06-16,2891,中國信託金融控股,1.12,2849
2026-06-16,2344,華邦電子,2.01,1839
2026-06-16,2317,鴻海精密工業,1.92,1286
2026-06-16,3231,緯創資通,1.08,1228
2026-06-16,3036,文曄科技,1.3,1067
2026-06-16,2408,南亞科技,2.09,885
2026-06-16,2330,台灣積體電路製造,9.37,704
2026-06-16,3711,日月光投資控股,1.92,584
2026-06-16,3037,欣興電子,3.06,562
2026-06-16,2382,廣達電腦,1.07,530
2026-06-16,2308,台達電子工業,5.87,475
2026-06-16,2376,技嘉科技,0.82,424
2026-06-16,2368,金像電子（股）公司,2.93,393
2026-06-16,5904,寶雅國際,1.08,312
2026-06-16,3189,景碩科技,1.09,305
2026-06-16,3044,健鼎科技,0.84,276
2026-06-16,6831,邁科科技,0.88,224
2026-06-16,8996,高力熱處理工業,1.69,221
2026-06-16,8046,南亞電路板,1.1,219
2026-06-16,6274,台燿科技,1.86,208
2026-06-16,2360,致茂電子,2.63,204
2026-06-16,2345,智邦科技,2.71,194
2026-06-16,2454,聯發科技,4.75,188
2026-06-16,8210,勤誠興業,1.31,175
2026-06-16,3264,欣銓科技,0.21,172
2026-06-16,2383,台光電子材料,3.8,134
2026-06-16,8299,群聯電子,1.76,134
2026-06-16,3017,奇鋐科技,1.72,131
2026-06-16,3081,聯亞光電工業,1.61,127
2026-06-16,3293,鈊象電子,0.53,124
2026-06-16,2059,川湖科技,4.06,110
2026-06-16,7769,鴻勁精密,3.8,93
2026-06-16,6805,富世達,0.88,92
2026-06-16,6223,旺矽科技,3.0,84
2026-06-16,6442,光紅建聖,0.74,71
2026-06-16,3443,創意電子,1.91,70
2026-06-16,3529,力旺電子,1.06,60
2026-06-16,3653,健策精密工業,1.2,57
2026-06-16,3665,貿聯控股（BizLink Holding In,0.63,53
2026-06-16,6669,緯穎科技服務,1.41,52
2026-06-16,6515,穎崴科技,2.04,37
2026-06-16,5274,信驊科技,2.21,22
2026-06-16,3533,嘉澤端子工業,0.17,13
2026-06-17,2884,玉山金融控股,0.77,3867
2026-06-17,2891,中國信託金融控股,1.13,2849
2026-06-17,2344,華邦電子,2.04,1839
2026-06-17,2317,鴻海精密工業,1.95,1286
2026-06-17,3231,緯創資通,1.11,1228
2026-06-17,3036,文曄科技,1.33,1067
2026-06-17,2408,南亞科技,2.16,885
2026-06-17,2330,台灣積體電路製造,9.37,704
2026-06-17,3711,日月光投資控股,1.94,584
2026-06-17,3037,欣興電子,3.1,562
2026-06-17,2382,廣達電腦,1.11,530
2026-06-17,2308,台達電子工業,5.71,475
2026-06-17,2376,技嘉科技,0.82,424
2026-06-17,2368,金像電子（股）公司,3.01,393
2026-06-17,5904,寶雅國際,1.08,312
2026-06-17,3189,景碩科技,1.2,305
2026-06-17,3044,健鼎科技,0.88,276
2026-06-17,6831,邁科科技,0.93,224
2026-06-17,8996,高力熱處理工業,1.87,221
2026-06-17,8046,南亞電路板,1.08,219
2026-06-17,6274,台燿科技,1.94,208
2026-06-17,2360,致茂電子,2.54,204
2026-06-17,2345,智邦科技,2.7,194
2026-06-17,2454,聯發科技,4.68,188
2026-06-17,8210,勤誠興業,1.31,175
2026-06-17,3264,欣銓科技,0.2,172
2026-06-17,2383,台光電子材料,3.89,134
2026-06-17,8299,群聯電子,1.74,134
2026-06-17,3017,奇鋐科技,1.73,131
2026-06-17,3081,聯亞光電工業,1.59,127
2026-06-17,3293,鈊象電子,0.54,124
2026-06-17,2059,川湖科技,4.07,110
2026-06-17,7769,鴻勁精密,3.81,93
2026-06-17,6805,富世達,0.88,92
2026-06-17,6223,旺矽科技,3.01,84
2026-06-17,6442,光紅建聖,0.73,71
2026-06-17,3443,創意電子,1.98,70
2026-06-17,3529,力旺電子,1.06,60
2026-06-17,3653,健策精密工業,1.27,57
2026-06-17,3665,貿聯控股（BizLink Holding In,0.62,53
2026-06-17,6669,緯穎科技服務,1.47,52
2026-06-17,6515,穎崴科技,1.95,37
2026-06-17,5274,信驊科技,2.27,22
2026-06-17,3533,嘉澤端子工業,0.17,13
2026-06-18,2884,玉山金融控股,0.76,3867
2026-06-18,2891,中國信託金融控股,1.13,2849
2026-06-18,2344,華邦電子,2.22,1839
2026-06-18,2317,鴻海精密工業,1.91,1286
2026-06-18,3231,緯創資通,1.09,1228
2026-06-18,3036,文曄科技,1.31,1067
2026-06-18,2408,南亞科技,2.24,885
2026-06-18,2330,台灣積體電路製造,9.36,704
2026-06-18,3711,日月光投資控股,1.98,584
2026-06-18,3037,欣興電子,3.0,562
2026-06-18,2382,廣達電腦,1.1,530
2026-06-18,2308,台達電子工業,5.64,475
2026-06-18,2376,技嘉科技,0.8,424
2026-06-18,2368,金像電子（股）公司,2.94,393
2026-06-18,5904,寶雅國際,1.08,312
2026-06-18,3189,景碩科技,1.22,305
2026-06-18,3044,健鼎科技,0.87,276
2026-06-18,6831,邁科科技,0.96,224
2026-06-18,8996,高力熱處理工業,1.94,221
2026-06-18,8046,南亞電路板,1.06,219
2026-06-18,6274,台燿科技,2.11,208
2026-06-18,2360,致茂電子,2.6,204
2026-06-18,2345,智邦科技,2.61,194
2026-06-18,2454,聯發科技,4.55,188
2026-06-18,8210,勤誠興業,1.32,175
2026-06-18,3264,欣銓科技,0.22,172
2026-06-18,2383,台光電子材料,4.14,134
2026-06-18,8299,群聯電子,1.87,134
2026-06-18,3017,奇鋐科技,1.73,131
2026-06-18,3081,聯亞光電工業,1.71,127
2026-06-18,3293,鈊象電子,0.54,124
2026-06-18,2059,川湖科技,4.17,110
2026-06-18,7769,鴻勁精密,3.58,93
2026-06-18,6805,富世達,0.89,92
2026-06-18,6223,旺矽科技,2.97,84
2026-06-18,6442,光紅建聖,0.76,71
2026-06-18,3443,創意電子,1.88,70
2026-06-18,3529,力旺電子,1.08,60
2026-06-18,3653,健策精密工業,1.25,57
2026-06-18,3665,貿聯控股（BizLink Holding In,0.62,53
2026-06-18,6669,緯穎科技服務,1.47,52
2026-06-18,6515,穎崴科技,1.93,37
2026-06-18,5274,信驊科技,2.3,22
2026-06-18,3533,嘉澤端子工業,0.16,13
2026-06-19,2884,玉山金融控股,0.76,3867
2026-06-19,2891,中國信託金融控股,1.13,2849
2026-06-19,2344,華邦電子,2.22,1839
2026-06-19,2317,鴻海精密工業,1.91,1286
2026-06-19,3231,緯創資通,1.09,1228
2026-06-19,3036,文曄科技,1.31,1067
2026-06-19,2408,南亞科技,2.24,885
2026-06-19,2330,台灣積體電路製造,9.36,704
2026-06-19,3711,日月光投資控股,1.98,584
2026-06-19,3037,欣興電子,3.0,562
2026-06-19,2382,廣達電腦,1.1,530
2026-06-19,2308,台達電子工業,5.64,475
2026-06-19,2376,技嘉科技,0.8,424
2026-06-19,2368,金像電子（股）公司,2.94,393
2026-06-19,5904,寶雅國際,1.08,312
2026-06-19,3189,景碩科技,1.22,305
2026-06-19,3044,健鼎科技,0.87,276
2026-06-19,6831,邁科科技,0.96,224
2026-06-19,8996,高力熱處理工業,1.94,221
2026-06-19,8046,南亞電路板,1.06,219
2026-06-19,6274,台燿科技,2.11,208
2026-06-19,2360,致茂電子,2.6,204
2026-06-19,2345,智邦科技,2.61,194
2026-06-19,2454,聯發科技,4.55,188
2026-06-19,8210,勤誠興業,1.32,175
2026-06-19,3264,欣銓科技,0.22,172
2026-06-19,2383,台光電子材料,4.14,134
2026-06-19,8299,群聯電子,1.87,134
2026-06-19,3017,奇鋐科技,1.73,131
2026-06-19,3081,聯亞光電工業,1.71,127
2026-06-19,3293,鈊象電子,0.54,124
2026-06-19,2059,川湖科技,4.17,110
2026-06-19,7769,鴻勁精密,3.58,93
2026-06-19,6805,富世達,0.89,92
2026-06-19,6223,旺矽科技,2.97,84
2026-06-19,6442,光紅建聖,0.76,71
2026-06-19,3443,創意電子,1.88,70
2026-06-19,3529,力旺電子,1.08,60
2026-06-19,3653,健策精密工業,1.25,57
2026-06-19,3665,貿聯控股（BizLink Holding In,0.62,53
2026-06-19,6669,緯穎科技服務,1.47,52
2026-06-19,6515,穎崴科技,1.93,37
2026-06-19,5274,信驊科技,2.3,22
2026-06-19,3533,嘉澤端子工業,0.16,13
2026-06-22,2884,玉山金融控股,0.75,3867
2026-06-22,2891,中國信託金融控股,1.09,2849
2026-06-22,2344,華邦電子,2.21,1839
2026-06-22,2317,鴻海精密工業,1.87,1286
2026-06-22,3231,緯創資通,1.08,1228
2026-06-22,3036,文曄科技,1.3,1067
2026-06-22,2408,南亞科技,2.42,885
2026-06-22,2330,台灣積體電路製造,9.58,704
2026-06-22,3711,日月光投資控股,2.13,584
2026-06-22,3037,欣興電子,3.06,562
2026-06-22,2382,廣達電腦,1.09,530
2026-06-22,2308,台達電子工業,5.54,475
2026-06-22,2376,技嘉科技,0.78,424
2026-06-22,2368,金像電子（股）公司,2.97,393
2026-06-22,5904,寶雅國際,1.08,312
2026-06-22,3189,景碩科技,1.32,305
2026-06-22,3044,健鼎科技,0.85,276
2026-06-22,6831,邁科科技,0.99,224
2026-06-22,8996,高力熱處理工業,1.86,221
2026-06-22,8046,南亞電路板,1.03,219
2026-06-22,6274,台燿科技,2.14,208
2026-06-22,2360,致茂電子,2.55,204
2026-06-22,2345,智邦科技,2.73,194
2026-06-22,2454,聯發科技,4.55,188
2026-06-22,8210,勤誠興業,1.3,175
2026-06-22,3264,欣銓科技,0.23,172
2026-06-22,2383,台光電子材料,4.23,134
2026-06-22,8299,群聯電子,1.87,134
2026-06-22,3017,奇鋐科技,1.72,131
2026-06-22,3081,聯亞光電工業,1.63,127
2026-06-22,3293,鈊象電子,0.52,124
2026-06-22,2059,川湖科技,4.5,110
2026-06-22,7769,鴻勁精密,3.49,93
2026-06-22,6805,富世達,0.91,92
2026-06-22,6223,旺矽科技,2.93,84
2026-06-22,6442,光紅建聖,0.8,71
2026-06-22,3443,創意電子,1.8,70
2026-06-22,3529,力旺電子,1.03,60
2026-06-22,3653,健策精密工業,1.19,57
2026-06-22,3665,貿聯控股（BizLink Holding In,0.58,53
2026-06-22,6669,緯穎科技服務,1.37,52
2026-06-22,6515,穎崴科技,1.9,37
2026-06-22,5274,信驊科技,2.3,22
2026-06-22,3533,嘉澤端子工業,0.16,13
2026-06-23,2884,玉山金融控股,0.77,3867
2026-06-23,2891,中國信託金融控股,1.15,2849
2026-06-23,2344,華邦電子,2.17,1839
2026-06-23,2317,鴻海精密工業,1.86,1286
2026-06-23,3231,緯創資通,1.09,1228
2026-06-23,3036,文曄科技,1.31,1067
2026-06-23,2408,南亞科技,2.25,885
2026-06-23,2330,台灣積體電路製造,9.79,704
2026-06-23,3711,日月光投資控股,2.16,584
2026-06-23,3037,欣興電子,3.06,562
2026-06-23,2382,廣達電腦,1.1,530
2026-06-23,2308,台達電子工業,5.52,475
2026-06-23,2376,技嘉科技,0.78,424
2026-06-23,2368,金像電子（股）公司,2.78,393
2026-06-23,5904,寶雅國際,1.16,312
2026-06-23,3189,景碩科技,1.24,305
2026-06-23,3044,健鼎科技,0.82,276
2026-06-23,6831,邁科科技,1.04,224
2026-06-23,8996,高力熱處理工業,1.79,221
2026-06-23,8046,南亞電路板,1.11,219
2026-06-23,6274,台燿科技,2.02,208
2026-06-23,2360,致茂電子,2.58,204
2026-06-23,2345,智邦科技,2.64,194
2026-06-23,2454,聯發科技,4.76,188
2026-06-23,8210,勤誠興業,1.28,175
2026-06-23,3264,欣銓科技,0.22,172
2026-06-23,2383,台光電子材料,4.27,134
2026-06-23,8299,群聯電子,1.82,134
2026-06-23,3017,奇鋐科技,1.77,131
2026-06-23,3081,聯亞光電工業,1.62,127
2026-06-23,3293,鈊象電子,0.53,124
2026-06-23,2059,川湖科技,4.59,110
2026-06-23,7769,鴻勁精密,3.54,93
2026-06-23,6805,富世達,0.91,92
2026-06-23,6223,旺矽科技,3.13,84
2026-06-23,6442,光紅建聖,0.79,71
2026-06-23,3443,創意電子,1.85,70
2026-06-23,3529,力旺電子,1.07,60
2026-06-23,3653,健策精密工業,1.22,57
2026-06-23,3665,貿聯控股（BizLink Holding In,0.6,53
2026-06-23,6669,緯穎科技服務,1.36,52
2026-06-23,6515,穎崴科技,1.95,37
2026-06-23,5274,信驊科技,2.27,22
2026-06-23,3533,嘉澤端子工業,0.16,13
2026-06-24,2884,玉山金融控股,0.77,3867
2026-06-24,2891,中國信託金融控股,1.13,2849
2026-06-24,2344,華邦電子,2.13,1839
2026-06-24,2317,鴻海精密工業,1.86,1286
2026-06-24,3231,緯創資通,1.09,1228
2026-06-24,3036,文曄科技,1.32,1067
2026-06-24,2408,南亞科技,2.22,885
2026-06-24,2330,台灣積體電路製造,9.53,704
2026-06-24,3711,日月光投資控股,2.16,584
2026-06-24,3037,欣興電子,2.96,562
2026-06-24,2382,廣達電腦,1.12,530
2026-06-24,2308,台達電子工業,5.38,475
2026-06-24,2376,技嘉科技,0.81,424
2026-06-24,2368,金像電子（股）公司,2.79,393
2026-06-24,5904,寶雅國際,1.16,312
2026-06-24,3189,景碩科技,1.28,305
2026-06-24,3044,健鼎科技,0.82,276
2026-06-24,6831,邁科科技,1.08,224
2026-06-24,8996,高力熱處理工業,1.81,221
2026-06-24,8046,南亞電路板,1.18,219
2026-06-24,6274,台燿科技,2.08,208
2026-06-24,2360,致茂電子,2.49,204
2026-06-24,2345,智邦科技,2.61,194
2026-06-24,2454,聯發科技,4.56,188
2026-06-24,8210,勤誠興業,1.31,175
2026-06-24,3264,欣銓科技,0.23,172
2026-06-24,2383,台光電子材料,4.22,134
2026-06-24,8299,群聯電子,1.9,134
2026-06-24,3017,奇鋐科技,1.88,131
2026-06-24,3081,聯亞光電工業,1.55,127
2026-06-24,3293,鈊象電子,0.53,124
2026-06-24,2059,川湖科技,4.67,110
2026-06-24,7769,鴻勁精密,3.56,93
2026-06-24,6805,富世達,0.94,92
2026-06-24,6223,旺矽科技,3.41,84
2026-06-24,6442,光紅建聖,0.78,71
2026-06-24,3443,創意電子,1.93,70
2026-06-24,3529,力旺電子,1.08,60
2026-06-24,3653,健策精密工業,1.17,57
2026-06-24,3665,貿聯控股（BizLink Holding In,0.61,53
2026-06-24,6669,緯穎科技服務,1.36,52
2026-06-24,6515,穎崴科技,1.99,37
2026-06-24,5274,信驊科技,2.28,22
2026-06-24,3533,嘉澤端子工業,0.16,13
2026-06-25,2884,玉山金融控股,0.78,3867
2026-06-25,2891,中國信託金融控股,1.14,2849
2026-06-25,2317,鴻海精密工業,1.88,1286
2026-06-25,2344,華邦電子,1.43,1153
2026-06-25,3036,文曄科技,1.32,1067
2026-06-25,2330,台灣積體電路製造,9.53,704
2026-06-25,3231,緯創資通,0.63,700
2026-06-25,2408,南亞科技,1.54,568
2026-06-25,3037,欣興電子,3.25,562
2026-06-25,2382,廣達電腦,1.1,530
2026-06-25,2308,台達電子工業,5.33,475
2026-06-25,2376,技嘉科技,0.8,424
2026-06-25,3711,日月光投資控股,1.45,400
2026-06-25,2368,金像電子（股）公司,2.76,393
2026-06-25,2327,國巨,2.2,345
2026-06-25,5904,寶雅國際,1.17,312
2026-06-25,2454,聯發科技,6.57,269
2026-06-25,8996,高力熱處理工業,1.83,221
2026-06-25,8046,南亞電路板,1.3,219
2026-06-25,3081,聯亞光電工業,2.59,216
2026-06-25,3264,欣銓科技,0.22,172
2026-06-25,3044,健鼎科技,0.49,164
2026-06-25,3653,健策精密工業,2.9,151
2026-06-25,2360,致茂電子,1.77,143
2026-06-25,3189,景碩科技,0.64,139
2026-06-25,2383,台光電子材料,4.28,134
2026-06-25,3017,奇鋐科技,1.86,131
2026-06-25,2345,智邦科技,1.75,130
2026-06-25,6274,台燿科技,1.25,130
2026-06-25,3293,鈊象電子,0.53,124
2026-06-25,8210,勤誠興業,0.82,112
2026-06-25,2059,川湖科技,4.56,110
2026-06-25,7769,鴻勁精密,3.65,93
2026-06-25,6223,旺矽科技,3.29,84
2026-06-25,6831,邁科科技,0.41,83
2026-06-25,8299,群聯電子,1.11,79
2026-06-25,3443,創意電子,1.92,70
2026-06-25,3529,力旺電子,1.1,60
2026-06-25,6515,穎崴科技,2.84,55
2026-06-25,6805,富世達,0.54,54
2026-06-25,3665,貿聯控股（BizLink Holding In,0.58,53
2026-06-25,6669,緯穎科技服務,1.0,39
2026-06-25,6442,光紅建聖,0.39,37
2026-06-25,3008,大立光電,1.02,35
2026-06-25,5274,信驊科技,1.28,13
2026-06-25,3533,嘉澤端子工業,0.16,13
2026-06-26,2884,玉山金融控股,0.8,3867
2026-06-26,2891,中國信託金融控股,1.2,2849
2026-06-26,2317,鴻海精密工業,1.91,1286
2026-06-26,2344,華邦電子,1.42,1153
2026-06-26,3036,文曄科技,1.37,1067
2026-06-26,2330,台灣積體電路製造,9.83,704
2026-06-26,3231,緯創資通,0.64,700
2026-06-26,2408,南亞科技,1.52,568
2026-06-26,3037,欣興電子,3.27,562
2026-06-26,2382,廣達電腦,1.14,530
2026-06-26,2308,台達電子工業,5.13,475
2026-06-26,2376,技嘉科技,0.81,424
2026-06-26,3711,日月光投資控股,1.51,400
2026-06-26,2368,金像電子（股）公司,2.79,393
2026-06-26,2327,國巨,2.09,345
2026-06-26,5904,寶雅國際,1.19,312
2026-06-26,2454,聯發科技,6.23,269
2026-06-26,8996,高力熱處理工業,1.81,221
2026-06-26,8046,南亞電路板,1.47,219
2026-06-26,3081,聯亞光電工業,2.62,216
2026-06-26,3264,欣銓科技,0.22,172
2026-06-26,3044,健鼎科技,0.5,164
2026-06-26,3653,健策精密工業,3.07,151
2026-06-26,2360,致茂電子,1.74,143
2026-06-26,3189,景碩科技,0.66,139
2026-06-26,2383,台光電子材料,4.2,134
2026-06-26,3017,奇鋐科技,1.76,131
2026-06-26,2345,智邦科技,1.85,130
2026-06-26,6274,台燿科技,1.23,130
2026-06-26,3293,鈊象電子,0.55,124
2026-06-26,8210,勤誠興業,0.82,112
2026-06-26,2059,川湖科技,4.59,110
2026-06-26,7769,鴻勁精密,3.61,93
2026-06-26,6223,旺矽科技,3.26,84
2026-06-26,6831,邁科科技,0.39,83
2026-06-26,8299,群聯電子,1.09,79
2026-06-26,3443,創意電子,1.85,70
2026-06-26,3529,力旺電子,1.05,60
2026-06-26,6515,穎崴科技,2.69,55
2026-06-26,6805,富世達,0.53,54
2026-06-26,3665,貿聯控股（BizLink Holding In,0.59,53
2026-06-26,6669,緯穎科技服務,1.0,39
2026-06-26,6442,光紅建聖,0.37,37
2026-06-26,3008,大立光電,0.99,35
2026-06-26,5274,信驊科技,1.21,13
2026-06-26,3533,嘉澤端子工業,0.16,13
2026-06-29,2884,玉山金融控股,0.79,3867
2026-06-29,2891,中國信託金融控股,1.19,2849
2026-06-29,2317,鴻海精密工業,1.88,1286
2026-06-29,2344,華邦電子,1.39,1153
2026-06-29,3036,文曄科技,1.33,1067
2026-06-29,3231,緯創資通,0.64,700
2026-06-29,2330,台灣積體電路製造,8.93,634
2026-06-29,2408,南亞科技,1.53,568
2026-06-29,3037,欣興電子,3.26,562
2026-06-29,2382,廣達電腦,1.16,530
2026-06-29,2308,台達電子工業,5.38,475
2026-06-29,4958,臻鼎科技控股,1.48,436
2026-06-29,2376,技嘉科技,0.82,424
2026-06-29,3711,日月光投資控股,1.49,400
2026-06-29,2368,金像電子（股）公司,2.7,393
2026-06-29,2327,國巨,2.13,345
2026-06-29,5904,寶雅國際,1.18,312
2026-06-29,2454,聯發科技,6.25,269
2026-06-29,8996,高力熱處理工業,1.94,221
2026-06-29,8046,南亞電路板,1.41,219
2026-06-29,3081,聯亞光電工業,2.61,216
2026-06-29,3264,欣銓科技,0.22,172
2026-06-29,3044,健鼎科技,0.49,164
2026-06-29,3653,健策精密工業,2.98,151
2026-06-29,2360,致茂電子,1.77,143
2026-06-29,3189,景碩科技,0.67,139
2026-06-29,2383,台光電子材料,4.34,134
2026-06-29,3017,奇鋐科技,1.79,131
2026-06-29,2345,智邦科技,1.81,130
2026-06-29,6274,台燿科技,1.2,130
2026-06-29,3293,鈊象電子,0.57,124
2026-06-29,8210,勤誠興業,0.81,112
2026-06-29,2059,川湖科技,4.65,110
2026-06-29,7769,鴻勁精密,3.53,93
2026-06-29,6831,邁科科技,0.39,83
2026-06-29,8299,群聯電子,1.1,79
2026-06-29,6223,旺矽科技,2.74,76
2026-06-29,3443,創意電子,1.84,70
2026-06-29,3529,力旺電子,1.03,60
2026-06-29,6515,穎崴科技,2.62,55
2026-06-29,6805,富世達,0.52,54
2026-06-29,3665,貿聯控股（BizLink Holding In,0.6,53
2026-06-29,6669,緯穎科技服務,1.06,39
2026-06-29,6442,光紅建聖,0.35,37
2026-06-29,3008,大立光電,0.91,35
2026-06-29,5274,信驊科技,1.17,13
2026-06-29,3533,嘉澤端子工業,0.16,13
2026-06-30,2884,玉山金融控股,0.77,3867
2026-06-30,2891,中國信託金融控股,1.16,2849
2026-06-30,2317,鴻海精密工業,1.85,1286
2026-06-30,2344,華邦電子,1.37,1153
2026-06-30,3036,文曄科技,1.31,1067
2026-06-30,3231,緯創資通,0.64,700
2026-06-30,2330,台灣積體電路製造,8.78,634
2026-06-30,2408,南亞科技,1.48,568
2026-06-30,3037,欣興電子,3.46,562
2026-06-30,2382,廣達電腦,1.12,530
2026-06-30,2308,台達電子工業,5.32,475
2026-06-30,4958,臻鼎科技控股,1.58,436
2026-06-30,2376,技嘉科技,0.84,424
2026-06-30,3711,日月光投資控股,1.56,400
2026-06-30,2368,金像電子（股）公司,2.71,393
2026-06-30,2327,國巨,2.26,345
2026-06-30,5904,寶雅國際,1.2,312
2026-06-30,2454,聯發科技,6.56,269
2026-06-30,8996,高力熱處理工業,1.97,221
2026-06-30,8046,南亞電路板,1.49,219
2026-06-30,3081,聯亞光電工業,2.51,216
2026-06-30,3264,欣銓科技,0.22,172
2026-06-30,3044,健鼎科技,0.49,164
2026-06-30,3653,健策精密工業,2.98,151
2026-06-30,2360,致茂電子,1.78,143
2026-06-30,3189,景碩科技,0.71,139
2026-06-30,2383,台光電子材料,4.15,134
2026-06-30,3017,奇鋐科技,1.9,131
2026-06-30,2345,智邦科技,1.86,130
2026-06-30,6274,台燿科技,1.26,130
2026-06-30,3293,鈊象電子,0.56,124
2026-06-30,8210,勤誠興業,0.83,112
2026-06-30,2059,川湖科技,4.65,110
2026-06-30,7769,鴻勁精密,3.46,93
2026-06-30,6831,邁科科技,0.42,83
2026-06-30,8299,群聯電子,1.08,79
2026-06-30,6223,旺矽科技,2.66,76
2026-06-30,3443,創意電子,1.95,70
2026-06-30,3529,力旺電子,1.01,60
2026-06-30,6515,穎崴科技,2.56,55
2026-06-30,6805,富世達,0.52,54
2026-06-30,3665,貿聯控股（BizLink Holding In,0.59,53
2026-06-30,6669,緯穎科技服務,1.04,39
2026-06-30,6442,光紅建聖,0.35,37
2026-06-30,3008,大立光電,0.86,35
2026-06-30,5274,信驊科技,1.23,13
2026-06-30,3533,嘉澤端子工業,0.16,13
2026-07-01,2884,玉山金融控股,0.72,3867
2026-07-01,2891,中國信託金融控股,1.13,2849
2026-07-01,2317,鴻海精密工業,1.8,1286
2026-07-01,2344,華邦電子,1.24,1153
2026-07-01,3036,文曄科技,1.27,1067
2026-07-01,3231,緯創資通,0.63,700
2026-07-01,2330,台灣積體電路製造,8.96,634
2026-07-01,2408,南亞科技,1.35,568
2026-07-01,3037,欣興電子,3.3,562
2026-07-01,2382,廣達電腦,1.11,530
2026-07-01,2308,台達電子工業,5.33,475
2026-07-01,4958,臻鼎科技控股,1.48,436
2026-07-01,2376,技嘉科技,0.81,424
2026-07-01,3711,日月光投資控股,1.59,400
2026-07-01,2368,金像電子（股）公司,2.7,393
2026-07-01,2327,國巨,2.22,345
2026-07-01,5904,寶雅國際,1.2,312
2026-07-01,2454,聯發科技,6.58,269
2026-07-01,8996,高力熱處理工業,1.94,221
2026-07-01,8046,南亞電路板,1.45,219
2026-07-01,3081,聯亞光電工業,2.41,216
2026-07-01,3264,欣銓科技,0.23,172
2026-07-01,3044,健鼎科技,0.47,164
2026-07-01,3653,健策精密工業,2.9,151
2026-07-01,2360,致茂電子,1.83,143
2026-07-01,3189,景碩科技,0.7,139
2026-07-01,2383,台光電子材料,4.18,134
2026-07-01,3017,奇鋐科技,1.94,131
2026-07-01,2345,智邦科技,1.95,130
2026-07-01,6274,台燿科技,1.24,130
2026-07-01,3293,鈊象電子,0.57,124
2026-07-01,8210,勤誠興業,0.82,112
2026-07-01,2059,川湖科技,4.75,110
2026-07-01,7769,鴻勁精密,3.65,93
2026-07-01,6831,邁科科技,0.42,83
2026-07-01,8299,群聯電子,1.01,79
2026-07-01,6223,旺矽科技,2.87,76
2026-07-01,3443,創意電子,1.99,70
2026-07-01,3529,力旺電子,1.0,60
2026-07-01,6515,穎崴科技,2.76,55
2026-07-01,6805,富世達,0.52,54
2026-07-01,3665,貿聯控股（BizLink Holding In,0.6,53
2026-07-01,6669,緯穎科技服務,1.11,39
2026-07-01,6442,光紅建聖,0.33,37
2026-07-01,3008,大立光電,0.85,35
2026-07-01,5274,信驊科技,1.26,13
2026-07-01,3533,嘉澤端子工業,0.16,13
2026-07-02,2884,玉山金融控股,0.74,3867
2026-07-02,2891,中國信託金融控股,1.13,2849
2026-07-02,2317,鴻海精密工業,1.74,1286
2026-07-02,2344,華邦電子,1.2,1153
2026-07-02,3036,文曄科技,1.31,1067
2026-07-02,3231,緯創資通,0.63,700
2026-07-02,2330,台灣積體電路製造,8.83,634
2026-07-02,2408,南亞科技,1.31,568
2026-07-02,3037,欣興電子,3.11,562
2026-07-02,2382,廣達電腦,1.11,530
2026-07-02,2308,台達電子工業,5.29,475
2026-07-02,4958,臻鼎科技控股,1.47,436
2026-07-02,2376,技嘉科技,0.81,424
2026-07-02,3711,日月光投資控股,1.64,400
2026-07-02,2368,金像電子（股）公司,2.74,393
2026-07-02,2327,國巨,2.06,345
2026-07-02,5904,寶雅國際,1.23,312
2026-07-02,2454,聯發科技,6.61,269
2026-07-02,8996,高力熱處理工業,1.77,221
2026-07-02,8046,南亞電路板,1.42,219
2026-07-02,3081,聯亞光電工業,2.37,216
2026-07-02,3264,欣銓科技,0.24,172
2026-07-02,3044,健鼎科技,0.47,164
2026-07-02,3653,健策精密工業,2.97,151
2026-07-02,2360,致茂電子,1.79,143
2026-07-02,3189,景碩科技,0.65,139
2026-07-02,2383,台光電子材料,4.28,134
2026-07-02,3017,奇鋐科技,2.03,131
2026-07-02,2345,智邦科技,2.02,130
2026-07-02,6274,台燿科技,1.24,130
2026-07-02,3293,鈊象電子,0.56,124
2026-07-02,8210,勤誠興業,0.83,112
2026-07-02,2059,川湖科技,4.9,110
2026-07-02,7769,鴻勁精密,3.7,93
2026-07-02,6831,邁科科技,0.45,83
2026-07-02,8299,群聯電子,1.0,79
2026-07-02,6223,旺矽科技,3.12,76
2026-07-02,3443,創意電子,2.11,70
2026-07-02,3529,力旺電子,1.01,60
2026-07-02,6515,穎崴科技,2.89,55
2026-07-02,6805,富世達,0.51,54
2026-07-02,3665,貿聯控股（BizLink Holding In,0.61,53
2026-07-02,6669,緯穎科技服務,1.15,39
2026-07-02,6442,光紅建聖,0.34,37
2026-07-02,3008,大立光電,0.85,35
2026-07-02,5274,信驊科技,1.3,13
2026-07-02,3533,嘉澤端子工業,0.16,13
2026-07-03,2884,玉山金融控股,0.73,3867
2026-07-03,2891,中國信託金融控股,1.13,2849
2026-07-03,2317,鴻海精密工業,1.74,1286
2026-07-03,2344,華邦電子,1.2,1153
2026-07-03,3036,文曄科技,1.33,1067
2026-07-03,3231,緯創資通,0.63,700
2026-07-03,2330,台灣積體電路製造,8.73,634
2026-07-03,2408,南亞科技,1.31,568
2026-07-03,3037,欣興電子,3.07,562
2026-07-03,2382,廣達電腦,1.13,530
2026-07-03,2308,台達電子工業,5.55,475
2026-07-03,4958,臻鼎科技控股,1.5,436
2026-07-03,2376,技嘉科技,0.81,424
2026-07-03,3711,日月光投資控股,1.54,400
2026-07-03,2368,金像電子（股）公司,2.89,393
2026-07-03,2327,國巨,2.03,345
2026-07-03,5904,寶雅國際,1.27,312
2026-07-03,2454,聯發科技,6.35,269
2026-07-03,8996,高力熱處理工業,1.72,221
2026-07-03,8046,南亞電路板,1.46,219
2026-07-03,3081,聯亞光電工業,2.55,216
2026-07-03,3264,欣銓科技,0.24,172
2026-07-03,3044,健鼎科技,0.48,164
2026-07-03,3653,健策精密工業,2.91,151
2026-07-03,2360,致茂電子,1.82,143
2026-07-03,3189,景碩科技,0.65,139
2026-07-03,2383,台光電子材料,4.59,134
2026-07-03,3017,奇鋐科技,2.04,131
2026-07-03,2345,智邦科技,2.0,130
2026-07-03,6274,台燿科技,1.31,130
2026-07-03,3293,鈊象電子,0.56,124
2026-07-03,8210,勤誠興業,0.82,112
2026-07-03,2059,川湖科技,4.95,110
2026-07-03,7769,鴻勁精密,3.59,93
2026-07-03,6831,邁科科技,0.43,83
2026-07-03,8299,群聯電子,1.02,79
2026-07-03,6223,旺矽科技,3.16,76
2026-07-03,3443,創意電子,1.99,70
2026-07-03,3529,力旺電子,0.94,60
2026-07-03,6515,穎崴科技,3.07,55
2026-07-03,6805,富世達,0.5,54
2026-07-03,3665,貿聯控股（BizLink Holding In,0.6,53
2026-07-03,6669,緯穎科技服務,1.16,39
2026-07-03,6442,光紅建聖,0.34,37
2026-07-03,3008,大立光電,0.83,35
2026-07-03,5274,信驊科技,1.26,13
2026-07-03,3533,嘉澤端子工業,0.16,13
2026-07-06,2884,玉山金融控股,0.77,3867
2026-07-06,2891,中國信託金融控股,1.18,2849
2026-07-06,2317,鴻海精密工業,1.81,1286
2026-07-06,2344,華邦電子,1.22,1153
2026-07-06,3036,文曄科技,1.36,1067
2026-07-06,3231,緯創資通,0.64,700
2026-07-06,2330,台灣積體電路製造,9.05,634
2026-07-06,2408,南亞科技,1.39,568
2026-07-06,3037,欣興電子,2.99,562
2026-07-06,2382,廣達電腦,1.16,530
2026-07-06,2308,台達電子工業,5.5,475
2026-07-06,4958,臻鼎科技控股,1.46,436
2026-07-06,2376,技嘉科技,0.83,424
2026-07-06,3711,日月光投資控股,1.58,400
2026-07-06,2368,金像電子（股）公司,2.79,393
2026-07-06,2327,國巨,2.01,345
2026-07-06,5904,寶雅國際,1.34,312
2026-07-06,2454,聯發科技,6.44,269
2026-07-06,8996,高力熱處理工業,1.83,221
2026-07-06,8046,南亞電路板,1.37,219
2026-07-06,3081,聯亞光電工業,2.51,216
2026-07-06,3264,欣銓科技,0.26,172
2026-07-06,3044,健鼎科技,0.48,164
2026-07-06,2383,台光電子材料,4.8,151
2026-07-06,3653,健策精密工業,2.91,151
2026-07-06,2360,致茂電子,1.81,143
2026-07-06,3189,景碩科技,0.62,139
2026-07-06,3026,禾伸堂企業,0.75,134
2026-07-06,3017,奇鋐科技,2.03,131
2026-07-06,2345,智邦科技,1.99,130
2026-07-06,6274,台燿科技,1.23,130
2026-07-06,3293,鈊象電子,0.57,124
2026-07-06,8210,勤誠興業,0.84,112
2026-07-06,2059,川湖科技,4.97,110
2026-07-06,7769,鴻勁精密,3.67,93
2026-07-06,6831,邁科科技,0.41,83
2026-07-06,8299,群聯電子,1.05,79
2026-07-06,6223,旺矽科技,3.02,76
2026-07-06,3443,創意電子,1.87,70
2026-07-06,3529,力旺電子,0.98,60
2026-07-06,6515,穎崴科技,2.84,55
2026-07-06,6805,富世達,0.49,54
2026-07-06,3665,貿聯控股（BizLink Holding In,0.6,53
2026-07-06,6669,緯穎科技服務,1.14,39
2026-07-06,6442,光紅建聖,0.34,37
2026-07-06,3008,大立光電,0.84,35
2026-07-06,5274,信驊科技,1.23,13
2026-07-06,3533,嘉澤端子工業,0.16,13
2026-07-07,2884,玉山金融控股,0.81,3867
2026-07-07,2891,中國信託金融控股,1.21,2849
2026-07-07,2317,鴻海精密工業,1.84,1286
2026-07-07,2344,華邦電子,1.21,1153
2026-07-07,3036,文曄科技,1.38,1067
2026-07-07,3231,緯創資通,0.66,700
2026-07-07,2330,台灣積體電路製造,9.35,634
2026-07-07,2408,南亞科技,1.38,568
2026-07-07,3037,欣興電子,2.85,562
2026-07-07,2382,廣達電腦,1.19,530
2026-07-07,2308,台達電子工業,5.43,475
2026-07-07,4958,臻鼎科技控股,1.44,436
2026-07-07,2376,技嘉科技,0.84,424
2026-07-07,3711,日月光投資控股,1.57,400
2026-07-07,2368,金像電子（股）公司,2.7,393
2026-07-07,2327,國巨,1.89,345
2026-07-07,5904,寶雅國際,1.37,312
2026-07-07,2454,聯發科技,6.55,269
2026-07-07,8996,高力熱處理工業,1.78,221
2026-07-07,8046,南亞電路板,1.36,219
2026-07-07,3081,聯亞光電工業,2.49,216
2026-07-07,3264,欣銓科技,0.24,172
2026-07-07,3044,健鼎科技,0.47,164
2026-07-07,2383,台光電子材料,4.76,151
2026-07-07,3653,健策精密工業,2.92,151
2026-07-07,2360,致茂電子,1.7,143
2026-07-07,3189,景碩科技,0.58,139
2026-07-07,3026,禾伸堂企業,0.7,134
2026-07-07,3017,奇鋐科技,1.94,131
2026-07-07,2345,智邦科技,1.93,130
2026-07-07,6274,台燿科技,1.24,130
2026-07-07,3293,鈊象電子,0.58,124
2026-07-07,8210,勤誠興業,0.8,112
2026-07-07,2059,川湖科技,5.49,110
2026-07-07,7769,鴻勁精密,3.47,93
2026-07-07,6831,邁科科技,0.39,83
2026-07-07,8299,群聯電子,1.02,79
2026-07-07,6223,旺矽科技,2.9,76
2026-07-07,3443,創意電子,1.9,70
2026-07-07,3529,力旺電子,0.99,60
2026-07-07,6515,穎崴科技,2.67,55
2026-07-07,6805,富世達,0.49,54
2026-07-07,3665,貿聯控股（BizLink Holding In,0.64,53
2026-07-07,6669,緯穎科技服務,1.18,39
2026-07-07,6442,光紅建聖,0.34,37
2026-07-07,3008,大立光電,0.82,35
2026-07-07,5274,信驊科技,1.25,14
2026-07-07,3533,嘉澤端子工業,0.15,13
2026-07-08,2884,玉山金融控股,0.81,3867
2026-07-08,2891,中國信託金融控股,1.23,2849
2026-07-08,2317,鴻海精密工業,1.84,1286
2026-07-08,2344,華邦電子,1.17,1153
2026-07-08,3036,文曄科技,1.36,1067
2026-07-08,3231,緯創資通,0.62,700
2026-07-08,2330,台灣積體電路製造,9.44,634
2026-07-08,2408,南亞科技,1.36,568
2026-07-08,3037,欣興電子,2.93,562
2026-07-08,2382,廣達電腦,1.21,530
2026-07-08,2308,台達電子工業,5.41,475
2026-07-08,4958,臻鼎科技控股,1.49,436
2026-07-08,2376,技嘉科技,0.86,424
2026-07-08,3711,日月光投資控股,1.51,400
2026-07-08,2368,金像電子（股）公司,2.73,393
2026-07-08,2327,國巨,1.86,345
2026-07-08,5904,寶雅國際,1.35,312
2026-07-08,2454,聯發科技,6.49,269
2026-07-08,8996,高力熱處理工業,1.76,221
2026-07-08,8046,南亞電路板,1.46,219
2026-07-08,3081,聯亞光電工業,2.73,216
2026-07-08,3264,欣銓科技,0.24,172
2026-07-08,3044,健鼎科技,0.47,164
2026-07-08,2383,台光電子材料,4.85,151
2026-07-08,3653,健策精密工業,2.92,151
2026-07-08,2360,致茂電子,1.6,143
2026-07-08,3189,景碩科技,0.63,139
2026-07-08,3026,禾伸堂企業,0.77,134
2026-07-08,3017,奇鋐科技,1.84,131
2026-07-08,2345,智邦科技,1.9,130
2026-07-08,6274,台燿科技,1.29,130
2026-07-08,3293,鈊象電子,0.56,124
2026-07-08,8210,勤誠興業,0.81,112
2026-07-08,2059,川湖科技,5.38,110
2026-07-08,7769,鴻勁精密,3.4,93
2026-07-08,6831,邁科科技,0.41,83
2026-07-08,8299,群聯電子,1.02,79
2026-07-08,6223,旺矽科技,2.96,76
2026-07-08,3443,創意電子,1.86,70
2026-07-08,3529,力旺電子,0.97,60
2026-07-08,6515,穎崴科技,2.56,55
2026-07-08,6805,富世達,0.45,54
2026-07-08,3665,貿聯控股（BizLink Holding In,0.61,53
2026-07-08,6669,緯穎科技服務,1.19,39
2026-07-08,6442,光紅建聖,0.33,37
2026-07-08,3008,大立光電,0.83,35
2026-07-08,5274,信驊科技,1.21,14
2026-07-08,3533,嘉澤端子工業,0.16,13
2026-07-09,2884,玉山金融控股,0.81,3867
2026-07-09,2891,中國信託金融控股,1.2,2849
2026-07-09,2317,鴻海精密工業,1.83,1286
2026-07-09,2344,華邦電子,1.22,1153
2026-07-09,3036,文曄科技,1.36,1067
2026-07-09,3231,緯創資通,0.61,700
2026-07-09,2330,台灣積體電路製造,9.2,634
2026-07-09,2408,南亞科技,1.49,568
2026-07-09,3037,欣興電子,2.95,562
2026-07-09,2382,廣達電腦,1.19,530
2026-07-09,2308,台達電子工業,5.36,475
2026-07-09,4958,臻鼎科技控股,1.54,436
2026-07-09,2376,技嘉科技,0.86,424
2026-07-09,3711,日月光投資控股,1.63,400
2026-07-09,2368,金像電子（股）公司,2.54,393
2026-07-09,2327,國巨,1.86,345
2026-07-09,5904,寶雅國際,1.35,312
2026-07-09,2454,聯發科技,6.34,269
2026-07-09,8996,高力熱處理工業,1.63,221
2026-07-09,8046,南亞電路板,1.6,219
2026-07-09,3081,聯亞光電工業,2.6,216
2026-07-09,3264,欣銓科技,0.24,172
2026-07-09,3044,健鼎科技,0.44,164
2026-07-09,2383,台光電子材料,4.8,151
2026-07-09,3653,健策精密工業,2.91,151
2026-07-09,2360,致茂電子,1.56,143
2026-07-09,3189,景碩科技,0.66,139
2026-07-09,3026,禾伸堂企業,0.81,134
2026-07-09,3017,奇鋐科技,1.85,131
2026-07-09,2345,智邦科技,1.93,130
2026-07-09,6274,台燿科技,1.23,130
2026-07-09,3293,鈊象電子,0.55,124
2026-07-09,8210,勤誠興業,0.79,112
2026-07-09,2059,川湖科技,5.45,110
2026-07-09,7769,鴻勁精密,3.72,93
2026-07-09,6831,邁科科技,0.39,83
2026-07-09,8299,群聯電子,1.05,79
2026-07-09,6223,旺矽科技,3.23,76
2026-07-09,3443,創意電子,1.82,70
2026-07-09,3529,力旺電子,0.94,60
2026-07-09,6515,穎崴科技,2.56,55
2026-07-09,6805,富世達,0.47,54
2026-07-09,3665,貿聯控股（BizLink Holding In,0.6,53
2026-07-09,6669,緯穎科技服務,1.18,39
2026-07-09,6442,光紅建聖,0.33,37
2026-07-09,3008,大立光電,0.83,35
2026-07-09,5274,信驊科技,1.17,14
2026-07-09,3533,嘉澤端子工業,0.15,13
2026-07-10,2884,玉山金融控股,0.81,3867
2026-07-10,2891,中國信託金融控股,1.2,2849
2026-07-10,2317,鴻海精密工業,1.83,1286
2026-07-10,2344,華邦電子,1.22,1153
2026-07-10,3036,文曄科技,1.36,1067
2026-07-10,3231,緯創資通,0.61,700
2026-07-10,2330,台灣積體電路製造,9.2,634
2026-07-10,2408,南亞科技,1.49,568
2026-07-10,3037,欣興電子,2.95,562
2026-07-10,2382,廣達電腦,1.19,530
2026-07-10,2308,台達電子工業,5.36,475
2026-07-10,4958,臻鼎科技控股,1.54,436
2026-07-10,2376,技嘉科技,0.86,424
2026-07-10,3711,日月光投資控股,1.63,400
2026-07-10,2368,金像電子（股）公司,2.54,393
2026-07-10,2327,國巨,1.86,345
2026-07-10,5904,寶雅國際,1.35,312
2026-07-10,2454,聯發科技,6.34,269
2026-07-10,8996,高力熱處理工業,1.63,221
2026-07-10,8046,南亞電路板,1.6,219
2026-07-10,3081,聯亞光電工業,2.6,216
2026-07-10,3264,欣銓科技,0.24,172
2026-07-10,3044,健鼎科技,0.44,164
2026-07-10,2383,台光電子材料,4.8,151
2026-07-10,3653,健策精密工業,2.91,151
2026-07-10,2360,致茂電子,1.56,143
2026-07-10,3189,景碩科技,0.66,139
2026-07-10,3026,禾伸堂企業,0.81,134
2026-07-10,3017,奇鋐科技,1.85,131
2026-07-10,2345,智邦科技,1.93,130
2026-07-10,6274,台燿科技,1.23,130
2026-07-10,3293,鈊象電子,0.55,124
2026-07-10,8210,勤誠興業,0.79,112
2026-07-10,2059,川湖科技,5.45,110
2026-07-10,7769,鴻勁精密,3.72,93
2026-07-10,6831,邁科科技,0.39,83
2026-07-10,8299,群聯電子,1.05,79
2026-07-10,6223,旺矽科技,3.23,76
2026-07-10,3443,創意電子,1.82,70
2026-07-10,3529,力旺電子,0.94,60
2026-07-10,6515,穎崴科技,2.56,55
2026-07-10,6805,富世達,0.47,54
2026-07-10,3665,貿聯控股（BizLink Holding In,0.6,53
2026-07-10,6669,緯穎科技服務,1.18,39
2026-07-10,6442,光紅建聖,0.33,37
2026-07-10,3008,大立光電,0.83,35
2026-07-10,5274,信驊科技,1.17,14
2026-07-10,3533,嘉澤端子工業,0.15,13
2026-07-13,2884,玉山金融控股,0.81,3867
2026-07-13,2891,中國信託金融控股,1.15,2849
2026-07-13,2317,鴻海精密工業,1.85,1286
2026-07-13,2344,華邦電子,1.17,1153
2026-07-13,3036,文曄科技,1.37,1067
2026-07-13,3231,緯創資通,0.61,700
2026-07-13,2330,台灣積體電路製造,9.4,634
2026-07-13,2408,南亞科技,1.46,568
2026-07-13,3037,欣興電子,3.08,562
2026-07-13,2382,廣達電腦,1.22,530
2026-07-13,2308,台達電子工業,5.45,475
2026-07-13,4958,臻鼎科技控股,1.71,436
2026-07-13,2376,技嘉科技,0.86,424
2026-07-13,3711,日月光投資控股,1.63,400
2026-07-13,2368,金像電子（股）公司,2.5,393
2026-07-13,2327,國巨,1.71,345
2026-07-13,5904,寶雅國際,1.27,312
2026-07-13,2454,聯發科技,6.25,269
2026-07-13,8996,高力熱處理工業,1.67,221
2026-07-13,8046,南亞電路板,1.69,219
2026-07-13,3081,聯亞光電工業,2.61,216
2026-07-13,3264,欣銓科技,0.24,172
2026-07-13,3044,健鼎科技,0.44,164
2026-07-13,2383,台光電子材料,4.7,151
2026-07-13,3653,健策精密工業,2.93,151
2026-07-13,2360,致茂電子,1.61,143
2026-07-13,3189,景碩科技,0.69,139
2026-07-13,3026,禾伸堂企業,0.74,134
2026-07-13,3017,奇鋐科技,1.77,131
2026-07-13,2345,智邦科技,1.9,130
2026-07-13,6274,台燿科技,1.22,130
2026-07-13,3293,鈊象電子,0.55,124
2026-07-13,8210,勤誠興業,0.77,112
2026-07-13,2059,川湖科技,5.4,110
2026-07-13,7769,鴻勁精密,3.79,93
2026-07-13,6831,邁科科技,0.37,83
2026-07-13,8299,群聯電子,1.04,79
2026-07-13,6223,旺矽科技,3.07,76
2026-07-13,3443,創意電子,1.82,70
2026-07-13,3529,力旺電子,0.93,60
2026-07-13,6515,穎崴科技,2.46,55
2026-07-13,6805,富世達,0.46,54
2026-07-13,3665,貿聯控股（BizLink Holding In,0.6,53
2026-07-13,6669,緯穎科技服務,1.18,39
2026-07-13,6442,光紅建聖,0.31,37
2026-07-13,3008,大立光電,0.92,35
2026-07-13,5274,信驊科技,1.17,14
2026-07-13,3533,嘉澤端子工業,0.16,13
2026-07-14,2884,玉山金融控股,0.83,3867
2026-07-14,2891,中國信託金融控股,1.16,2849
2026-07-14,2317,鴻海精密工業,1.89,1286
2026-07-14,2344,華邦電子,1.18,1153
2026-07-14,3036,文曄科技,1.36,1067
2026-07-14,3231,緯創資通,0.62,700
2026-07-14,2330,台灣積體電路製造,9.58,634
2026-07-14,2408,南亞科技,1.59,568
2026-07-14,3037,欣興電子,3.07,562
2026-07-14,2382,廣達電腦,1.26,530
2026-07-14,2308,台達電子工業,5.5,475
2026-07-14,4958,臻鼎科技控股,1.71,436
2026-07-14,2376,技嘉科技,0.88,424
2026-07-14,3711,日月光投資控股,1.6,400
2026-07-14,2368,金像電子（股）公司,2.49,393
2026-07-14,2327,國巨,1.68,345
2026-07-14,5904,寶雅國際,1.28,312
2026-07-14,2454,聯發科技,6.15,269
2026-07-14,8996,高力熱處理工業,1.62,221
2026-07-14,8046,南亞電路板,1.76,219
2026-07-14,3081,聯亞光電工業,2.6,216
2026-07-14,3264,欣銓科技,0.23,172
2026-07-14,3044,健鼎科技,0.43,164
2026-07-14,2383,台光電子材料,4.69,151
2026-07-14,3653,健策精密工業,2.89,151
2026-07-14,2360,致茂電子,1.62,143
2026-07-14,3189,景碩科技,0.7,139
2026-07-14,3026,禾伸堂企業,0.68,134
2026-07-14,3017,奇鋐科技,1.73,131
2026-07-14,2345,智邦科技,1.85,130
2026-07-14,6274,台燿科技,1.13,130
2026-07-14,3293,鈊象電子,0.55,124
2026-07-14,8210,勤誠興業,0.78,112
2026-07-14,2059,川湖科技,5.49,110
2026-07-14,7769,鴻勁精密,3.71,93
2026-07-14,6831,邁科科技,0.36,83
2026-07-14,8299,群聯電子,1.01,79
2026-07-14,6223,旺矽科技,3.01,76
2026-07-14,3443,創意電子,1.76,70
2026-07-14,3529,力旺電子,0.9,60
2026-07-14,6515,穎崴科技,2.42,55
2026-07-14,6805,富世達,0.44,54
2026-07-14,3665,貿聯控股（BizLink Holding In,0.59,53
2026-07-14,6669,緯穎科技服務,1.19,39
2026-07-14,6442,光紅建聖,0.3,37
2026-07-14,3008,大立光電,0.93,35
2026-07-14,5274,信驊科技,1.16,14
2026-07-14,3533,嘉澤端子工業,0.16,13
2026-07-15,2884,玉山金融控股,0.81,3867
2026-07-15,2891,中國信託金融控股,1.1,2849
2026-07-15,2317,鴻海精密工業,1.87,1286
2026-07-15,2344,華邦電子,1.26,1153
2026-07-15,3036,文曄科技,1.3,1067
2026-07-15,3231,緯創資通,0.62,700
2026-07-15,2330,台灣積體電路製造,9.4,634
2026-07-15,2408,南亞科技,1.66,568
2026-07-15,3037,欣興電子,3.2,562
2026-07-15,2382,廣達電腦,1.23,530
2026-07-15,2308,台達電子工業,5.46,475
2026-07-15,4958,臻鼎科技控股,1.64,436
2026-07-15,2376,技嘉科技,0.89,424
2026-07-15,3711,日月光投資控股,1.66,400
2026-07-15,2368,金像電子（股）公司,2.45,393
2026-07-15,2327,國巨,1.67,345
2026-07-15,5904,寶雅國際,1.29,312
2026-07-15,2454,聯發科技,6.11,269
2026-07-15,3081,聯亞光電工業,2.53,237
2026-07-15,8996,高力熱處理工業,1.59,221
2026-07-15,8046,南亞電路板,1.88,219
2026-07-15,3264,欣銓科技,0.23,172
2026-07-15,3044,健鼎科技,0.42,164
2026-07-15,2383,台光電子材料,4.66,151
2026-07-15,3653,健策精密工業,3.01,151
2026-07-15,2360,致茂電子,1.66,143
2026-07-15,3189,景碩科技,0.71,139
2026-07-15,3026,禾伸堂企業,0.68,134
2026-07-15,3017,奇鋐科技,1.72,131
2026-07-15,2345,智邦科技,1.85,130
2026-07-15,6274,台燿科技,1.13,130
2026-07-15,3293,鈊象電子,0.53,124
2026-07-15,8210,勤誠興業,0.78,112
2026-07-15,2059,川湖科技,5.68,110
2026-07-15,7769,鴻勁精密,3.8,93
2026-07-15,6831,邁科科技,0.36,83
2026-07-15,8299,群聯電子,1.01,79
2026-07-15,6223,旺矽科技,2.92,76
2026-07-15,3443,創意電子,1.75,70
2026-07-15,3529,力旺電子,0.92,60
2026-07-15,6515,穎崴科技,2.42,55
2026-07-15,6805,富世達,0.46,54
2026-07-15,3665,貿聯控股（BizLink Holding In,0.62,53
2026-07-15,6669,緯穎科技服務,1.21,39
2026-07-15,6442,光紅建聖,0.32,37
2026-07-15,3008,大立光電,0.86,35
2026-07-15,5274,信驊科技,1.21,14
2026-07-15,3533,嘉澤端子工業,0.16,13
2026-07-16,2884,玉山金融控股,0.83,3867
2026-07-16,2891,中國信託金融控股,1.11,2849
2026-07-16,2317,鴻海精密工業,1.92,1286
2026-07-16,2344,華邦電子,1.22,1153
2026-07-16,3036,文曄科技,1.29,1067
2026-07-16,3231,緯創資通,0.63,700
2026-07-16,2330,台灣積體電路製造,9.64,634
2026-07-16,2408,南亞科技,1.54,568
2026-07-16,3037,欣興電子,3.05,562
2026-07-16,2382,廣達電腦,1.15,530
2026-07-16,2308,台達電子工業,5.57,475
2026-07-16,4958,臻鼎科技控股,1.55,436
2026-07-16,2376,技嘉科技,0.88,424
2026-07-16,3711,日月光投資控股,1.68,400
2026-07-16,2368,金像電子（股）公司,2.43,393
2026-07-16,2327,國巨,1.65,345
2026-07-16,5904,寶雅國際,1.2,312
2026-07-16,2454,聯發科技,6.13,269
2026-07-16,3081,聯亞光電工業,2.37,237
2026-07-16,8996,高力熱處理工業,1.53,221
2026-07-16,8046,南亞電路板,1.72,219
2026-07-16,3264,欣銓科技,0.25,172
2026-07-16,3044,健鼎科技,0.43,164
2026-07-16,2383,台光電子材料,4.64,151
2026-07-16,3653,健策精密工業,3.16,151
2026-07-16,2360,致茂電子,1.75,143
2026-07-16,3189,景碩科技,0.66,139
2026-07-16,3026,禾伸堂企業,0.63,134
2026-07-16,3017,奇鋐科技,1.79,131
2026-07-16,2345,智邦科技,1.86,130
2026-07-16,6274,台燿科技,1.04,130
2026-07-16,3293,鈊象電子,0.54,124
2026-07-16,8210,勤誠興業,0.81,112
2026-07-16,2059,川湖科技,5.86,110
2026-07-16,7769,鴻勁精密,3.83,93
2026-07-16,6831,邁科科技,0.35,83
2026-07-16,8299,群聯電子,0.96,79
2026-07-16,6223,旺矽科技,2.91,76
2026-07-16,3443,創意電子,1.8,70
2026-07-16,3529,力旺電子,0.93,60
2026-07-16,6515,穎崴科技,2.28,55
2026-07-16,6805,富世達,0.47,54
2026-07-16,3665,貿聯控股（BizLink Holding In,0.64,53
2026-07-16,6669,緯穎科技服務,1.23,39
2026-07-16,6442,光紅建聖,0.31,37
2026-07-16,3008,大立光電,0.92,35
2026-07-16,5274,信驊科技,1.22,14
2026-07-16,3533,嘉澤端子工業,0.16,13
2026-07-17,2884,玉山金融控股,0.9,3867
2026-07-17,2891,中國信託金融控股,1.17,2849
2026-07-17,2317,鴻海精密工業,2.0,1286
2026-07-17,2344,華邦電子,1.19,1153
2026-07-17,3036,文曄科技,1.33,1067
2026-07-17,3231,緯創資通,0.65,700
2026-07-17,2330,台灣積體電路製造,9.64,634
2026-07-17,2408,南亞科技,1.49,568
2026-07-17,3037,欣興電子,2.96,562
2026-07-17,2382,廣達電腦,1.14,530
2026-07-17,2308,台達電子工業,5.49,475
2026-07-17,4958,臻鼎科技控股,1.51,436
2026-07-17,2376,技嘉科技,0.91,424
2026-07-17,3711,日月光投資控股,1.63,400
2026-07-17,2368,金像電子（股）公司,2.42,393
2026-07-17,2327,國巨,1.6,345
2026-07-17,5904,寶雅國際,1.28,312
2026-07-17,2454,聯發科技,6.02,269
2026-07-17,3081,聯亞光電工業,2.33,237
2026-07-17,8996,高力熱處理工業,1.49,221
2026-07-17,8046,南亞電路板,1.67,219
2026-07-17,3264,欣銓科技,0.24,172
2026-07-17,3044,健鼎科技,0.43,164
2026-07-17,2383,台光電子材料,4.5,151
2026-07-17,3653,健策精密工業,3.22,151
2026-07-17,2360,致茂電子,1.76,143
2026-07-17,3189,景碩科技,0.64,139
2026-07-17,3026,禾伸堂企業,0.61,134
2026-07-17,3017,奇鋐科技,1.91,131
2026-07-17,2345,智邦科技,1.8,130
2026-07-17,6274,台燿科技,1.01,130
2026-07-17,3293,鈊象電子,0.56,124
2026-07-17,8210,勤誠興業,0.81,112
2026-07-17,2059,川湖科技,5.76,110
2026-07-17,7769,鴻勁精密,3.75,93
2026-07-17,6831,邁科科技,0.34,83
2026-07-17,8299,群聯電子,0.94,79
2026-07-17,6223,旺矽科技,2.82,76
2026-07-17,3443,創意電子,1.78,70
2026-07-17,3529,力旺電子,0.94,60
2026-07-17,6515,穎崴科技,2.21,55
2026-07-17,6805,富世達,0.48,54
2026-07-17,3665,貿聯控股（BizLink Holding In,0.62,53
2026-07-17,6669,緯穎科技服務,1.2,39
2026-07-17,6442,光紅建聖,0.32,37
2026-07-17,3008,大立光電,0.93,35
2026-07-17,5274,信驊科技,1.23,14
2026-07-17,3533,嘉澤端子工業,0.16,13
2026-07-20,2884,玉山金融控股,0.93,3867
2026-07-20,2891,中國信託金融控股,1.18,2849
2026-07-20,2317,鴻海精密工業,2.02,1286
2026-07-20,2344,華邦電子,1.17,1153
2026-07-20,3036,文曄科技,1.34,1067
2026-07-20,3231,緯創資通,0.67,700
2026-07-20,2330,台灣積體電路製造,9.87,634
2026-07-20,2408,南亞科技,1.45,568
2026-07-20,3037,欣興電子,2.83,562
2026-07-20,2382,廣達電腦,1.12,530
2026-07-20,2308,台達電子工業,5.43,475
2026-07-20,4958,臻鼎科技控股,1.4,436
2026-07-20,2376,技嘉科技,0.94,424
2026-07-20,3711,日月光投資控股,1.6,400
2026-07-20,2368,金像電子（股）公司,2.44,393
2026-07-20,2327,國巨,1.46,345
2026-07-20,5904,寶雅國際,1.28,312
2026-07-20,2454,聯發科技,6.03,269
2026-07-20,3081,聯亞光電工業,2.29,237
2026-07-20,8996,高力熱處理工業,1.44,221
2026-07-20,8046,南亞電路板,1.62,219
2026-07-20,3264,欣銓科技,0.23,172
2026-07-20,3044,健鼎科技,0.43,164
2026-07-20,2383,台光電子材料,4.45,151
2026-07-20,3653,健策精密工業,3.24,151
2026-07-20,2360,致茂電子,1.76,143
2026-07-20,3189,景碩科技,0.63,139
2026-07-20,3026,禾伸堂企業,0.56,134
2026-07-20,3017,奇鋐科技,1.88,131
2026-07-20,2345,智邦科技,1.82,130
2026-07-20,6274,台燿科技,0.98,130
2026-07-20,3293,鈊象電子,0.59,124
2026-07-20,8210,勤誠興業,0.81,112
2026-07-20,2059,川湖科技,5.72,110
2026-07-20,7769,鴻勁精密,3.75,93
2026-07-20,6831,邁科科技,0.31,83
2026-07-20,8299,群聯電子,0.92,79
2026-07-20,6223,旺矽科技,2.78,76
2026-07-20,3443,創意電子,1.76,70
2026-07-20,3529,力旺電子,0.93,60
2026-07-20,6515,穎崴科技,2.23,55
2026-07-20,6805,富世達,0.47,54
2026-07-20,3665,貿聯控股（BizLink Holding In,0.65,53
2026-07-20,6669,緯穎科技服務,1.23,39
2026-07-20,6442,光紅建聖,0.3,37
2026-07-20,3008,大立光電,0.91,35
2026-07-20,5274,信驊科技,1.24,14
2026-07-20,3533,嘉澤端子工業,0.17,13
